split	role	n_informative_sites	pct	binomial_p	ci95_low	ci95_high	n_loci	n_loci_no_informative_sites	n_loci_not_intact
Cx_molestus+Cx_pipiens | Cx_pallens+Cx_quinquefasciatus	species_tree	36018	45.09						
Cx_molestus+Cx_quinquefasciatus | Cx_pallens+Cx_pipiens	major_discordant_gene_trees	21224	26.57						
Cx_molestus+Cx_pallens | Cx_pipiens+Cx_quinquefasciatus	minor_discordant_gene_trees	22638	28.34						
discordant sites: gene tree major vs minor	binomial_test	43862	48.39	1.505e-11	0.4792	0.4886			
Cx_molestus+Cx_pipiens | Cx_pallens+Cx_quinquefasciatus	locus_majority_species_tree		67.94				3797		
Cx_molestus+Cx_quinquefasciatus | Cx_pallens+Cx_pipiens	locus_majority_major_discordant_gene_trees		19.31				1079		
Cx_molestus+Cx_pallens | Cx_pipiens+Cx_quinquefasciatus	locus_majority_minor_discordant_gene_trees		12.76				713		
locus majority: gene tree major vs minor	binomial_test		60.21	5.053e-18	0.579	0.6249	1792		
loci without a majority split	locus_majority_undecided						3533	2991	
informative sites per locus	median	2.0					9122		
top 1% of loci by informative sites	concentration	36435	45.61				91		
Cx_molestus+Cx_pipiens | Cx_pallens+Cx_quinquefasciatus	top_loci_species_tree	10054	27.59				91		
Cx_molestus+Cx_quinquefasciatus | Cx_pallens+Cx_pipiens	top_loci_major_discordant_gene_trees	11204	30.75				91		
Cx_molestus+Cx_pallens | Cx_pipiens+Cx_quinquefasciatus	top_loci_minor_discordant_gene_trees	15177	41.66				91		
discordant sites outside the top 1% of loci: gene tree major vs minor	binomial_test	17481	57.32	1.098e-83	0.5658	0.5805	9031		
top 1% of loci by informative sites	loci_with_a_model_not_intact		100.0				91		91
loci outside the top 1%	loci_with_a_model_not_intact		34.02				9031		3072
Cx_molestus+Cx_pipiens | Cx_pallens+Cx_quinquefasciatus	intact_loci_species_tree	13361	74.39				5959		
Cx_molestus+Cx_quinquefasciatus | Cx_pallens+Cx_pipiens	intact_loci_major_discordant_gene_trees	2713	15.11				5959		
Cx_molestus+Cx_pallens | Cx_pipiens+Cx_quinquefasciatus	intact_loci_minor_discordant_gene_trees	1886	10.5				5959		
loci with four intact models, discordant sites: gene tree major vs minor	intact_loci_binomial_test	4599	58.99	2.652e-34	0.5755	0.6042	5959		
Cx_molestus+Cx_pipiens | Cx_pallens+Cx_quinquefasciatus	intact_loci_locus_majority_species_tree						2476		
Cx_molestus+Cx_quinquefasciatus | Cx_pallens+Cx_pipiens	intact_loci_locus_majority_major_discordant_gene_trees						610		
Cx_molestus+Cx_pallens | Cx_pipiens+Cx_quinquefasciatus	intact_loci_locus_majority_minor_discordant_gene_trees						366		
loci with four intact models, locus majority: gene tree major vs minor	intact_loci_locus_majority_binomial_test		62.5	5.339e-15	0.5938	0.6555	976		
