sample1	sample2	seqid	chromosome	start_bp	end_bp	span_bp	n_genes	rel_start	rel_end	first_gene	last_gene	recurrence_cluster	n_pairs_in_cluster
Cx_quinquefasciatus	Cx_pallens	NC_051862.1	chr2	8960193	9437673	477479	12	0.039	0.042	gene-LOC119767701	gene-LOC6044054	1	3
Cx_quinquefasciatus	Cx_pallens	NC_051862.1	chr2	18311823	18432824	121001	3	0.081	0.082	gene-LOC119767918	gene-LOC6053949	2	1
Cx_quinquefasciatus	Cx_pallens	NC_051862.1	chr2	27702505	28072601	370096	9	0.123	0.124	gene-LOC6043112	gene-LOC6043127	3	2
Cx_quinquefasciatus	Cx_pallens	NC_051862.1	chr2	31418051	31541025	122974	6	0.139	0.14	gene-LOC6051751	gene-LOC6051849	4	3
Cx_quinquefasciatus	Cx_pallens	NC_051862.1	chr2	45284720	45449945	165225	3	0.201	0.202	gene-LOC119767842	gene-LOC6038731	5	1
Cx_quinquefasciatus	Cx_pallens	NC_051862.1	chr2	47622216	47741376	119160	3	0.211	0.212	gene-Trnar-acg-3	gene-Trnar-acg-4	6	2
Cx_quinquefasciatus	Cx_pallens	NC_051862.1	chr2	52393496	52642174	248678	13	0.232	0.234	gene-LOC6035666	gene-LOC6035678	7	1
Cx_quinquefasciatus	Cx_pallens	NC_051862.1	chr2	55621646	55756850	135203	3	0.247	0.247	gene-LOC6039658	gene-LOC119767150	8	1
Cx_quinquefasciatus	Cx_pallens	NC_051862.1	chr2	58508340	58767425	259085	7	0.26	0.261	gene-LOC6054370	gene-LOC119767551	9	3
Cx_quinquefasciatus	Cx_pallens	NC_051862.1	chr2	58996722	59344898	348176	4	0.262	0.263	gene-LOC6044436	gene-Trnap-agg-9	10	1
Cx_quinquefasciatus	Cx_pallens	NC_051862.1	chr2	62627758	62755675	127917	3	0.278	0.279	gene-LOC6051970	gene-LOC119766029	11	3
Cx_quinquefasciatus	Cx_pallens	NC_051862.1	chr2	63773108	64038270	265162	5	0.283	0.284	gene-LOC119766035	gene-LOC6047301	12	1
Cx_quinquefasciatus	Cx_pallens	NC_051862.1	chr2	64129334	64268480	139145	4	0.285	0.285	gene-LOC6053709	gene-LOC119767537	13	1
Cx_quinquefasciatus	Cx_pallens	NC_051862.1	chr2	74007441	74196262	188821	3	0.329	0.329	gene-LOC119766911	gene-LOC6045079	14	1
Cx_quinquefasciatus	Cx_pallens	NC_051862.1	chr2	76293912	76425514	131602	3	0.339	0.339	gene-LOC119767839	gene-LOC119768193	15	1
Cx_quinquefasciatus	Cx_pallens	NC_051862.1	chr2	103689997	104712885	1022888	5	0.46	0.465	gene-LOC119766149	gene-LOC6047177	16	1
Cx_quinquefasciatus	Cx_pallens	NC_051862.1	chr2	109831260	110108479	277219	4	0.488	0.489	gene-LOC119766232	gene-LOC119766863	17	1
Cx_quinquefasciatus	Cx_pallens	NC_051862.1	chr2	113682849	114135654	452804	3	0.505	0.507	gene-LOC119767089	gene-LOC6043750	18	1
Cx_quinquefasciatus	Cx_pallens	NC_051862.1	chr2	114316993	114430909	113916	3	0.508	0.508	gene-LOC119767063	gene-LOC6042613	19	1
Cx_quinquefasciatus	Cx_pallens	NC_051862.1	chr2	125998723	126277380	278657	7	0.56	0.561	gene-LOC6038271	gene-LOC6038262	20	1
Cx_quinquefasciatus	Cx_pallens	NC_051862.1	chr2	148455818	148592023	136204	3	0.659	0.66	gene-LOC119766349	gene-LOC6038934	21	1
Cx_quinquefasciatus	Cx_pallens	NC_051862.1	chr2	164266994	164464126	197132	4	0.73	0.73	gene-LOC119766642	gene-LOC119766719	22	1
Cx_quinquefasciatus	Cx_pallens	NC_051862.1	chr2	164534201	164660410	126209	3	0.731	0.731	gene-LOC6038065	gene-LOC6038066	23	1
Cx_quinquefasciatus	Cx_pallens	NC_051862.1	chr2	209608010	209769578	161568	3	0.931	0.932	gene-LOC6053610	gene-LOC119766487	24	2
Cx_quinquefasciatus	Cx_pallens	NC_051862.1	chr2	211533447	211647385	113938	10	0.94	0.94	gene-LOC6048069	gene-LOC6048090	25	2
Cx_quinquefasciatus	Cx_pallens	NC_051862.1	chr2	216885186	217118481	233295	3	0.963	0.964	gene-LOC119767920	gene-Trnap-cgg-14	26	1
Cx_quinquefasciatus	Cx_pallens	NC_051863.1	chr3	32261535	32419960	158425	3	0.159	0.16	gene-LOC119770408	gene-LOC6047886	27	1
Cx_quinquefasciatus	Cx_pallens	NC_051863.1	chr3	59006210	59133967	127757	3	0.292	0.293	gene-LOC119768781	gene-Trnan-auu	28	2
Cx_quinquefasciatus	Cx_pallens	NC_051863.1	chr3	70705942	70977162	271220	3	0.35	0.351	gene-LOC119768990	gene-LOC6037599	29	1
Cx_quinquefasciatus	Cx_pallens	NC_051863.1	chr3	84227710	84782895	555185	5	0.417	0.42	gene-LOC119769442	gene-LOC6050809	30	1
Cx_quinquefasciatus	Cx_pallens	NC_051863.1	chr3	85389435	85621575	232139	3	0.423	0.424	gene-LOC119770826	gene-LOC119770738	31	1
Cx_quinquefasciatus	Cx_pallens	NC_051863.1	chr3	88084627	88315505	230877	3	0.436	0.438	gene-LOC119769034	gene-LOC119769035	32	1
Cx_quinquefasciatus	Cx_pallens	NC_051863.1	chr3	100047397	101554333	1506935	3	0.496	0.503	gene-LOC119769149	gene-LOC119770393	33	1
Cx_quinquefasciatus	Cx_pallens	NC_051863.1	chr3	102936771	103803827	867055	4	0.51	0.515	gene-LOC119768716	gene-LOC119768818	34	1
Cx_quinquefasciatus	Cx_pallens	NC_051863.1	chr3	122092840	122248746	155906	3	0.605	0.606	gene-LOC6050728	gene-LOC119768674	35	1
Cx_quinquefasciatus	Cx_pallens	NC_051863.1	chr3	178234366	178553802	319436	4	0.884	0.886	gene-LOC119770877	gene-LOC119770879	36	1
Cx_quinquefasciatus	Cx_pallens	NC_051863.1	chr3	182822731	183002434	179703	5	0.907	0.908	gene-LOC6035294	gene-LOC119768864	37	2
Cx_quinquefasciatus	Cx_pallens	NC_051861.1	chr1	16621291	16907861	286570	11	0.125	0.127	gene-LOC6051159	gene-LOC6042392	38	3
Cx_quinquefasciatus	Cx_pallens	NC_051861.1	chr1	28098348	28267539	169190	9	0.211	0.213	gene-LOC6042026	gene-LOC119767092	39	3
Cx_quinquefasciatus	Cx_pallens	NC_051861.1	chr1	29004716	29141675	136958	6	0.218	0.219	gene-LOC6040701	gene-LOC6040692	40	3
Cx_quinquefasciatus	Cx_pallens	NC_051861.1	chr1	29158315	29686351	528035	8	0.219	0.223	gene-LOC119765507	gene-LOC119768648	41	1
Cx_quinquefasciatus	Cx_pallens	NC_051861.1	chr1	29828253	30865272	1037019	13	0.224	0.232	gene-LOC119771258	gene-LOC6051047	42	3
Cx_quinquefasciatus	Cx_pallens	NC_051861.1	chr1	30972231	31619506	647275	3	0.233	0.238	gene-LOC6051048	gene-LOC6044841	43	1
Cx_quinquefasciatus	Cx_pallens	NC_051861.1	chr1	31718804	31842378	123574	8	0.239	0.24	gene-LOC119765579	gene-LOC119769478	44	2
Cx_quinquefasciatus	Cx_pallens	NC_051861.1	chr1	31854510	32599801	745290	27	0.24	0.245	gene-LOC6044852	gene-LOC6048163	45	3
Cx_quinquefasciatus	Cx_pallens	NC_051861.1	chr1	32613049	33413042	799993	34	0.245	0.251	gene-LOC119765610	gene-LOC6046587	46	3
Cx_quinquefasciatus	Cx_pallens	NC_051861.1	chr1	33596433	33714556	118123	7	0.253	0.254	gene-LOC6039627	gene-LOC6039607	47	1
Cx_quinquefasciatus	Cx_pallens	NC_051861.1	chr1	33715596	33991185	275589	9	0.254	0.256	gene-LOC6039600	gene-LOC6039615	48	3
Cx_quinquefasciatus	Cx_pallens	NC_051861.1	chr1	34277208	35017568	740360	13	0.258	0.264	gene-LOC119765643	gene-LOC6039182	49	2
Cx_quinquefasciatus	Cx_pallens	NC_051861.1	chr1	35050808	35258742	207934	8	0.264	0.265	gene-LOC119771206	gene-LOC6039162	50	3
Cx_quinquefasciatus	Cx_pallens	NC_051861.1	chr1	35260235	36717645	1457410	18	0.265	0.276	gene-LOC119765335	gene-LOC6047770	51	2
Cx_quinquefasciatus	Cx_pallens	NC_051861.1	chr1	36743764	38016024	1272260	25	0.277	0.286	gene-LOC119768861	gene-LOC6035068	52	1
Cx_quinquefasciatus	Cx_pallens	NC_051861.1	chr1	38307149	39269420	962271	12	0.288	0.296	gene-LOC6035050	gene-LOC6037348	53	1
Cx_quinquefasciatus	Cx_pallens	NC_051861.1	chr1	39411371	41225871	1814500	47	0.297	0.31	gene-LOC119765384	gene-LOC6039069	54	1
Cx_quinquefasciatus	Cx_pallens	NC_051861.1	chr1	41467541	41942466	474925	9	0.312	0.316	gene-LOC119769568	gene-LOC119771181	55	3
Cx_quinquefasciatus	Cx_pallens	NC_051861.1	chr1	42047558	43541971	1494413	22	0.316	0.328	gene-LOC6040670	gene-LOC6033716	56	3
Cx_quinquefasciatus	Cx_pallens	NC_051861.1	chr1	43574478	43752759	178281	11	0.328	0.329	gene-LOC119765434	gene-LOC6033702	57	3
Cx_quinquefasciatus	Cx_pallens	NC_051861.1	chr1	43769441	43901822	132381	7	0.329	0.33	gene-LOC119769588	gene-LOC119765401	58	1
Cx_quinquefasciatus	Cx_pallens	NC_051861.1	chr1	43913314	44117539	204225	10	0.331	0.332	gene-LOC6043146	gene-LOC6033679	59	1
Cx_quinquefasciatus	Cx_pallens	NC_051861.1	chr1	44529957	45445266	915308	16	0.335	0.342	gene-LOC119765609	gene-LOC119765431	60	3
Cx_quinquefasciatus	Cx_pallens	NC_051861.1	chr1	45454387	45926746	472359	7	0.342	0.346	gene-LOC6041355	gene-LOC6041369	61	1
Cx_quinquefasciatus	Cx_pallens	NC_051861.1	chr1	46100548	46752350	651801	4	0.347	0.352	gene-LOC6035506	gene-LOC6035520	62	1
Cx_quinquefasciatus	Cx_pallens	NC_051861.1	chr1	46966586	47589777	623191	13	0.354	0.358	gene-LOC119765675	gene-LOC119768951	63	1
Cx_quinquefasciatus	Cx_pallens	NC_051861.1	chr1	47772761	48149080	376319	7	0.36	0.362	gene-LOC119771178	gene-LOC6039678	64	1
Cx_quinquefasciatus	Cx_pallens	NC_051861.1	chr1	48226319	49281054	1054735	16	0.363	0.371	gene-LOC6042591	gene-LOC6034930	65	3
Cx_quinquefasciatus	Cx_pallens	NC_051861.1	chr1	49703286	49864092	160806	3	0.374	0.375	gene-LOC6047696	gene-LOC6047694	66	1
Cx_quinquefasciatus	Cx_pallens	NC_051861.1	chr1	52638607	52916060	277453	6	0.396	0.398	gene-LOC119765040	gene-LOC6046772	67	1
Cx_quinquefasciatus	Cx_pallens	NC_051861.1	chr1	56565810	56795150	229339	4	0.426	0.428	gene-LOC6042010	gene-LOC119769700	68	1
Cx_quinquefasciatus	Cx_pallens	NC_051861.1	chr1	57008242	57526509	518267	3	0.429	0.433	gene-LOC119765249	gene-LOC119765325	69	1
Cx_quinquefasciatus	Cx_pallens	NC_051861.1	chr1	59027862	59589453	561591	4	0.444	0.449	gene-LOC6032498	gene-LOC119769103	70	1
Cx_quinquefasciatus	Cx_pallens	NC_051861.1	chr1	61126806	61327758	200952	3	0.46	0.462	gene-LOC119769876	gene-LOC119769896	71	1
Cx_quinquefasciatus	Cx_pallens	NC_051861.1	chr1	63483133	63592140	109006	4	0.478	0.479	gene-LOC119766869	gene-LOC119770024	72	1
Cx_quinquefasciatus	Cx_pallens	NC_051861.1	chr1	64365701	64760453	394752	4	0.485	0.487	gene-LOC119768103	gene-LOC119770072	73	1
Cx_quinquefasciatus	Cx_pallens	NC_051861.1	chr1	65371112	65477445	106333	3	0.492	0.493	gene-LOC119767378	gene-LOC6035361	74	1
Cx_quinquefasciatus	Cx_pallens	NC_051861.1	chr1	65885233	66250494	365261	3	0.496	0.499	gene-LOC119765684	gene-LOC119765689	75	1
Cx_quinquefasciatus	Cx_pallens	NC_051861.1	chr1	69712545	69835877	123332	3	0.525	0.526	gene-LOC119765626	gene-LOC6046899	76	1
Cx_quinquefasciatus	Cx_pallens	NC_051861.1	chr1	96902075	97373708	471633	3	0.729	0.733	gene-LOC119765272	gene-LOC119765028	77	1
Cx_quinquefasciatus	Cx_molestus	NC_051862.1	chr2	12156264	12368797	212533	8	0.054	0.055	gene-LOC6038350	gene-LOC6038342	78	3
Cx_quinquefasciatus	Cx_molestus	NC_051862.1	chr2	37049479	37787340	737861	5	0.164	0.168	gene-LOC6041646	gene-LOC6052972	79	3
Cx_quinquefasciatus	Cx_molestus	NC_051862.1	chr2	45632570	45789921	157351	6	0.202	0.203	gene-LOC6038737	gene-LOC6038748	80	2
Cx_quinquefasciatus	Cx_molestus	NC_051862.1	chr2	45861280	46171794	310514	3	0.203	0.205	gene-LOC6038744	gene-LOC6051439	81	1
Cx_quinquefasciatus	Cx_molestus	NC_051862.1	chr2	47796870	48032255	235384	4	0.212	0.213	gene-Trnal-aag-2	gene-LOC6044277	82	3
Cx_quinquefasciatus	Cx_molestus	NC_051862.1	chr2	48072163	48495303	423140	4	0.213	0.215	gene-LOC119765911	gene-LOC6045107	83	1
Cx_quinquefasciatus	Cx_molestus	NC_051862.1	chr2	49478271	49677306	199035	6	0.22	0.22	gene-LOC6047667	gene-LOC6040400	84	2
Cx_quinquefasciatus	Cx_molestus	NC_051862.1	chr2	54820020	54998893	178873	6	0.243	0.244	gene-LOC6054473	gene-LOC6040287	85	3
Cx_quinquefasciatus	Cx_molestus	NC_051862.1	chr2	68685600	68811664	126064	8	0.305	0.305	gene-LOC6032402	gene-LOC6032392	86	2
Cx_quinquefasciatus	Cx_molestus	NC_051862.1	chr2	81789299	81916445	127146	3	0.363	0.364	gene-LOC6043514	gene-LOC6043507	87	3
Cx_quinquefasciatus	Cx_molestus	NC_051862.1	chr2	86803704	86971323	167619	3	0.385	0.386	gene-LOC119766540	gene-LOC6048755	88	2
Cx_quinquefasciatus	Cx_molestus	NC_051862.1	chr2	91332088	91767152	435064	3	0.406	0.407	gene-LOC119766102	gene-LOC6053441	89	1
Cx_quinquefasciatus	Cx_molestus	NC_051862.1	chr2	101502655	101827174	324519	5	0.451	0.452	gene-LOC119767028	gene-LOC119767031	90	1
Cx_quinquefasciatus	Cx_molestus	NC_051862.1	chr2	106521098	106954884	433786	4	0.473	0.475	gene-LOC119767387	gene-LOC119768056	91	1
Cx_quinquefasciatus	Cx_molestus	NC_051862.1	chr2	106956342	107323596	367254	3	0.475	0.477	gene-LOC119768054	gene-LOC6042155	92	1
Cx_quinquefasciatus	Cx_molestus	NC_051862.1	chr2	107482759	108060090	577331	6	0.477	0.48	gene-LOC119767915	gene-LOC119766204	93	1
Cx_quinquefasciatus	Cx_molestus	NC_051862.1	chr2	108186657	108582073	395415	4	0.48	0.482	gene-LOC119768047	gene-LOC119766216	94	1
Cx_quinquefasciatus	Cx_molestus	NC_051862.1	chr2	108649861	108904807	254946	3	0.482	0.484	gene-LOC119767106	gene-LOC119767113	95	1
Cx_quinquefasciatus	Cx_molestus	NC_051862.1	chr2	109179358	109613562	434204	3	0.485	0.487	gene-LOC119766223	gene-LOC119767744	96	1
Cx_quinquefasciatus	Cx_molestus	NC_051862.1	chr2	113122919	113486078	363159	3	0.502	0.504	gene-LOC119766656	gene-LOC119766651	97	1
Cx_quinquefasciatus	Cx_molestus	NC_051862.1	chr2	124641270	124977486	336215	10	0.554	0.555	gene-LOC6051459	gene-LOC6045657	98	2
Cx_quinquefasciatus	Cx_molestus	NC_051862.1	chr2	133097664	133348230	250565	3	0.591	0.592	gene-LOC119767446	gene-LOC119766328	99	1
Cx_quinquefasciatus	Cx_molestus	NC_051862.1	chr2	138647552	138750520	102967	9	0.616	0.616	gene-LOC119766885	gene-LOC6036647	100	3
Cx_quinquefasciatus	Cx_molestus	NC_051862.1	chr2	138795437	138955194	159756	7	0.616	0.617	gene-LOC6036646	gene-LOC6036693	101	3
Cx_quinquefasciatus	Cx_molestus	NC_051862.1	chr2	143069372	143557882	488509	3	0.635	0.638	gene-LOC119767509	gene-LOC6046695	102	1
Cx_quinquefasciatus	Cx_molestus	NC_051862.1	chr2	160378351	160496205	117854	14	0.712	0.713	gene-LOC6052522	gene-LOC6054187	103	3
Cx_quinquefasciatus	Cx_molestus	NC_051862.1	chr2	160672460	160776838	104378	7	0.714	0.714	gene-LOC6050426	gene-LOC6043716	104	1
Cx_quinquefasciatus	Cx_molestus	NC_051862.1	chr2	171303478	171543111	239633	3	0.761	0.762	gene-LOC6048005	gene-LOC6053717	105	3
Cx_quinquefasciatus	Cx_molestus	NC_051862.1	chr2	189472070	189726446	254376	5	0.842	0.843	gene-LOC6044250	gene-LOC6044232	106	2
Cx_quinquefasciatus	Cx_molestus	NC_051862.1	chr2	192003535	192163314	159779	11	0.853	0.854	gene-LOC6031916	gene-LOC119768194	107	3
Cx_quinquefasciatus	Cx_molestus	NC_051862.1	chr2	200258607	200909640	651032	8	0.89	0.892	gene-LOC6043470	gene-LOC6036123	108	3
Cx_quinquefasciatus	Cx_molestus	NC_051862.1	chr2	209026200	209191008	164808	3	0.928	0.929	gene-Trnay-gua-10	gene-LOC6050917	109	1
Cx_quinquefasciatus	Cx_molestus	NC_051862.1	chr2	211533447	211647385	113938	5	0.94	0.94	gene-LOC6048069	gene-LOC6048090	25	2
Cx_quinquefasciatus	Cx_molestus	NC_051862.1	chr2	215991046	216284735	293689	15	0.959	0.961	gene-LOC6036012	gene-LOC6036033	110	3
Cx_quinquefasciatus	Cx_molestus	NC_051863.1	chr3	4283288	4460784	177496	10	0.02	0.021	gene-LOC6044724	gene-LOC119770469	111	3
Cx_quinquefasciatus	Cx_molestus	NC_051863.1	chr3	11167911	11531386	363475	3	0.054	0.056	gene-LOC119770852	gene-LOC6041205	112	1
Cx_quinquefasciatus	Cx_molestus	NC_051863.1	chr3	34133453	34280278	146825	3	0.168	0.169	gene-LOC6039477	gene-LOC6039475	113	2
Cx_quinquefasciatus	Cx_molestus	NC_051863.1	chr3	46440459	46559769	119310	4	0.229	0.23	gene-LOC6045143	gene-LOC6045138	114	3
Cx_quinquefasciatus	Cx_molestus	NC_051863.1	chr3	54106721	54447729	341008	3	0.268	0.269	gene-LOC6043781	gene-LOC6045456	115	3
Cx_quinquefasciatus	Cx_molestus	NC_051863.1	chr3	59006210	59133967	127757	3	0.292	0.293	gene-LOC119768781	gene-Trnan-auu	28	2
Cx_quinquefasciatus	Cx_molestus	NC_051863.1	chr3	68279118	68415944	136825	3	0.338	0.339	gene-LOC6051290	gene-LOC6051295	116	1
Cx_quinquefasciatus	Cx_molestus	NC_051863.1	chr3	74088369	74499270	410901	6	0.367	0.369	gene-LOC119770053	gene-LOC6039223	117	1
Cx_quinquefasciatus	Cx_molestus	NC_051863.1	chr3	74525999	74701493	175493	11	0.369	0.37	gene-LOC6039221	gene-LOC6039215	118	3
Cx_quinquefasciatus	Cx_molestus	NC_051863.1	chr3	74711418	75200396	488978	13	0.37	0.373	gene-LOC6039207	gene-LOC6032732	119	3
Cx_quinquefasciatus	Cx_molestus	NC_051863.1	chr3	75201899	75505585	303685	6	0.373	0.374	gene-LOC6032733	gene-LOC6032741	120	2
Cx_quinquefasciatus	Cx_molestus	NC_051863.1	chr3	81124858	81278638	153779	3	0.402	0.403	gene-LOC119769651	gene-LOC6043583	121	1
Cx_quinquefasciatus	Cx_molestus	NC_051863.1	chr3	81774844	82093811	318966	3	0.405	0.407	gene-LOC6038977	gene-LOC119770563	122	1
Cx_quinquefasciatus	Cx_molestus	NC_051863.1	chr3	86440729	86786682	345952	5	0.428	0.43	gene-LOC6048841	gene-LOC119770718	123	1
Cx_quinquefasciatus	Cx_molestus	NC_051863.1	chr3	87066034	87280752	214718	3	0.432	0.433	gene-LOC119769435	gene-LOC6052895	124	2
Cx_quinquefasciatus	Cx_molestus	NC_051863.1	chr3	90242640	90426566	183926	3	0.447	0.448	gene-LOC119769062	gene-LOC119769687	125	1
Cx_quinquefasciatus	Cx_molestus	NC_051863.1	chr3	91244686	91706814	462128	4	0.452	0.455	gene-LOC119770259	gene-LOC119769066	126	1
Cx_quinquefasciatus	Cx_molestus	NC_051863.1	chr3	92032260	92139475	107215	3	0.456	0.457	gene-LOC119770372	gene-LOC6035724	127	1
Cx_quinquefasciatus	Cx_molestus	NC_051863.1	chr3	93467424	93656946	189521	5	0.463	0.464	gene-LOC6049508	gene-LOC119769087	128	1
Cx_quinquefasciatus	Cx_molestus	NC_051863.1	chr3	95861166	95969650	108484	3	0.475	0.476	gene-LOC119770216	gene-LOC119770218	129	1
Cx_quinquefasciatus	Cx_molestus	NC_051863.1	chr3	96536880	96780665	243785	5	0.479	0.48	gene-LOC119770508	gene-LOC119769123	130	1
Cx_quinquefasciatus	Cx_molestus	NC_051863.1	chr3	99640050	99785550	145500	7	0.494	0.495	gene-LOC119770858	gene-LOC119769145	131	1
Cx_quinquefasciatus	Cx_molestus	NC_051863.1	chr3	100357239	100638863	281624	5	0.498	0.499	gene-LOC6053722	gene-LOC119769157	132	1
Cx_quinquefasciatus	Cx_molestus	NC_051863.1	chr3	100790904	101554333	763429	13	0.5	0.504	gene-LOC119769457	gene-LOC119770393	133	1
Cx_quinquefasciatus	Cx_molestus	NC_051863.1	chr3	101963108	102144954	181846	3	0.506	0.507	gene-LOC119770589	gene-LOC119770514	134	1
Cx_quinquefasciatus	Cx_molestus	NC_051863.1	chr3	102249025	102485722	236697	5	0.507	0.508	gene-LOC119770426	gene-LOC119768800	135	1
Cx_quinquefasciatus	Cx_molestus	NC_051863.1	chr3	102893169	103000427	107257	4	0.51	0.511	gene-LOC119769171	gene-LOC119769172	136	1
Cx_quinquefasciatus	Cx_molestus	NC_051863.1	chr3	116876581	117191055	314474	11	0.58	0.581	gene-LOC6035594	gene-LOC119769217	137	3
Cx_quinquefasciatus	Cx_molestus	NC_051863.1	chr3	120377030	120578688	201657	8	0.597	0.598	gene-LOC119769474	gene-LOC6044903	138	3
Cx_quinquefasciatus	Cx_molestus	NC_051863.1	chr3	121080510	121414512	334002	3	0.601	0.602	gene-LOC6037174	gene-LOC6037170	139	2
Cx_quinquefasciatus	Cx_molestus	NC_051863.1	chr3	121491112	121645164	154051	3	0.603	0.604	gene-LOC6037168	gene-LOC119769227	140	1
Cx_quinquefasciatus	Cx_molestus	NC_051863.1	chr3	123457683	123774254	316571	4	0.613	0.614	gene-LOC6037618	gene-LOC119769228	141	2
Cx_quinquefasciatus	Cx_molestus	NC_051863.1	chr3	132116980	132561044	444063	7	0.656	0.658	gene-LOC6036561	gene-LOC119770627	142	3
Cx_quinquefasciatus	Cx_molestus	NC_051863.1	chr3	132743247	133902842	1159595	30	0.659	0.665	gene-LOC6053833	gene-LOC6035492	143	3
Cx_quinquefasciatus	Cx_molestus	NC_051863.1	chr3	134024865	134173749	148883	6	0.665	0.666	gene-LOC119768599	gene-LOC6031918	144	3
Cx_quinquefasciatus	Cx_molestus	NC_051863.1	chr3	134187017	134411727	224709	4	0.666	0.667	gene-LOC119768598	gene-LOC6036114	145	1
Cx_quinquefasciatus	Cx_molestus	NC_051863.1	chr3	134527930	134717731	189800	9	0.668	0.669	gene-LOC6036139	gene-LOC6036212	146	3
Cx_quinquefasciatus	Cx_molestus	NC_051863.1	chr3	134723148	135000080	276932	6	0.669	0.67	gene-LOC6036210	gene-LOC6036201	147	2
Cx_quinquefasciatus	Cx_molestus	NC_051863.1	chr3	140970175	141142175	172000	4	0.7	0.701	gene-LOC6033549	gene-LOC6033545	148	3
Cx_quinquefasciatus	Cx_molestus	NC_051863.1	chr3	147898962	148114599	215637	8	0.734	0.735	gene-LOC119768637	gene-LOC119769294	149	2
Cx_quinquefasciatus	Cx_molestus	NC_051863.1	chr3	157873654	158058782	185128	4	0.784	0.785	gene-LOC6036231	gene-LOC119770003	150	2
Cx_quinquefasciatus	Cx_molestus	NC_051863.1	chr3	158259409	158626938	367529	4	0.786	0.788	gene-LOC119769429	gene-LOC119770243	151	1
Cx_quinquefasciatus	Cx_molestus	NC_051863.1	chr3	158661417	158817792	156375	14	0.788	0.789	gene-LOC6045942	gene-LOC6045928	152	3
Cx_quinquefasciatus	Cx_molestus	NC_051863.1	chr3	174943348	175169536	226188	15	0.869	0.87	gene-LOC6047868	gene-LOC119769779	153	3
Cx_quinquefasciatus	Cx_molestus	NC_051863.1	chr3	191679013	191783922	104909	8	0.952	0.953	gene-LOC119769635	gene-LOC6031047	154	1
Cx_quinquefasciatus	Cx_molestus	NC_051861.1	chr1	2031468	2457030	425562	7	0.015	0.018	gene-LOC119767910	gene-LOC6035180	155	3
Cx_quinquefasciatus	Cx_molestus	NC_051861.1	chr1	26706769	27180649	473880	4	0.201	0.205	gene-LOC6050504	gene-LOC6035648	156	3
Cx_quinquefasciatus	Cx_molestus	NC_051861.1	chr1	29004716	29141675	136958	8	0.219	0.22	gene-LOC6040701	gene-LOC6040692	40	3
Cx_quinquefasciatus	Cx_molestus	NC_051861.1	chr1	29402581	29686351	283769	11	0.222	0.224	gene-LOC6039508	gene-LOC119768648	157	2
Cx_quinquefasciatus	Cx_molestus	NC_051861.1	chr1	29686848	29818807	131959	18	0.224	0.225	gene-LOC6038054	gene-LOC6038033	158	2
Cx_quinquefasciatus	Cx_molestus	NC_051861.1	chr1	29869672	30522997	653324	5	0.225	0.23	gene-LOC119769462	gene-LOC6044609	159	2
Cx_quinquefasciatus	Cx_molestus	NC_051861.1	chr1	30543825	31619506	1075681	10	0.23	0.238	gene-LOC6044618	gene-LOC6044841	42	3
Cx_quinquefasciatus	Cx_molestus	NC_051861.1	chr1	31725327	31852652	127325	8	0.239	0.24	gene-LOC119769475	gene-LOC6044851	44	2
Cx_quinquefasciatus	Cx_molestus	NC_051861.1	chr1	31878299	32510140	631841	22	0.24	0.245	gene-LOC6044853	gene-LOC119765183	45	3
Cx_quinquefasciatus	Cx_molestus	NC_051861.1	chr1	32613049	33304561	691512	27	0.246	0.251	gene-LOC119765610	gene-LOC6046593	46	3
Cx_quinquefasciatus	Cx_molestus	NC_051861.1	chr1	33353290	33553133	199843	14	0.251	0.253	gene-LOC6046584	gene-LOC119765193	160	2
Cx_quinquefasciatus	Cx_molestus	NC_051861.1	chr1	33596433	33991185	394752	18	0.253	0.256	gene-LOC6039627	gene-LOC6039615	48	3
Cx_quinquefasciatus	Cx_molestus	NC_051861.1	chr1	34151320	34386101	234781	3	0.258	0.259	gene-LOC6039618	gene-LOC6050345	161	1
Cx_quinquefasciatus	Cx_molestus	NC_051861.1	chr1	34799277	34954048	154771	8	0.262	0.264	gene-LOC119769506	gene-LOC6039195	49	2
Cx_quinquefasciatus	Cx_molestus	NC_051861.1	chr1	35041960	35260235	218274	13	0.264	0.266	gene-Trnai-aau-16	gene-LOC119765335	50	3
Cx_quinquefasciatus	Cx_molestus	NC_051861.1	chr1	35270599	35567379	296779	7	0.266	0.268	gene-LOC119765636	gene-LOC119769508	162	1
Cx_quinquefasciatus	Cx_molestus	NC_051861.1	chr1	35738927	36211589	472661	8	0.269	0.273	gene-LOC6046418	gene-LOC119765057	163	1
Cx_quinquefasciatus	Cx_molestus	NC_051861.1	chr1	36654321	37319234	664913	15	0.276	0.281	gene-LOC6047768	gene-LOC119767623	164	2
Cx_quinquefasciatus	Cx_molestus	NC_051861.1	chr1	37415968	38181234	765266	20	0.282	0.288	gene-LOC119767627	gene-LOC119765546	165	2
Cx_quinquefasciatus	Cx_molestus	NC_051861.1	chr1	38298646	39548283	1249637	31	0.289	0.298	gene-LOC119765320	gene-LOC6037333	166	1
Cx_quinquefasciatus	Cx_molestus	NC_051861.1	chr1	39759863	39966151	206288	3	0.3	0.301	gene-LOC6037321	gene-LOC119769544	167	1
Cx_quinquefasciatus	Cx_molestus	NC_051861.1	chr1	50771764	51538807	767043	4	0.383	0.389	gene-LOC6035363	gene-LOC6043632	168	2
Cx_quinquefasciatus	Cx_molestus	NC_051861.1	chr1	53672431	54055381	382950	20	0.405	0.408	gene-LOC6034803	gene-LOC6034771	169	3
Cx_quinquefasciatus	Cx_molestus	NC_051861.1	chr1	56685714	56795150	109436	3	0.427	0.428	gene-LOC6044490	gene-LOC119769700	170	1
Cx_quinquefasciatus	Cx_molestus	NC_051861.1	chr1	57063062	57985959	922897	3	0.43	0.437	gene-LOC119765607	gene-LOC119765324	171	1
Cx_quinquefasciatus	Cx_molestus	NC_051861.1	chr1	58017071	58221930	204858	3	0.438	0.439	gene-LOC119771237	gene-LOC6048537	172	1
Cx_quinquefasciatus	Cx_molestus	NC_051861.1	chr1	58326975	58715762	388787	5	0.44	0.443	gene-LOC119766961	gene-LOC119769780	173	1
Cx_quinquefasciatus	Cx_molestus	NC_051861.1	chr1	60400411	60757628	357217	3	0.455	0.458	gene-LOC119769833	gene-LOC119767314	174	1
Cx_quinquefasciatus	Cx_molestus	NC_051861.1	chr1	60929287	61879494	950206	3	0.459	0.467	gene-LOC119769867	gene-LOC119765081	175	1
Cx_quinquefasciatus	Cx_molestus	NC_051861.1	chr1	62569928	62774187	204258	3	0.472	0.473	gene-LOC6053920	gene-LOC119769969	176	1
Cx_quinquefasciatus	Cx_molestus	NC_051861.1	chr1	77809505	78137887	328382	4	0.587	0.589	gene-LOC6042495	gene-LOC119770458	177	3
Cx_quinquefasciatus	Cx_molestus	NC_051861.1	chr1	87632819	87767134	134315	4	0.661	0.662	gene-LOC119765345	gene-LOC119765568	178	1
Cx_quinquefasciatus	Cx_molestus	NC_051861.1	chr1	87782030	88181673	399643	3	0.662	0.665	gene-LOC6050264	gene-LOC6046383	179	3
Cx_quinquefasciatus	Cx_pipiens	NC_051862.1	chr2	47615899	47741376	125476	3	0.211	0.212	gene-Trnae-uuc-7	gene-Trnar-acg-4	6	2
Cx_quinquefasciatus	Cx_pipiens	NC_051862.1	chr2	61324738	61587546	262808	3	0.272	0.273	gene-LOC119766026	gene-LOC6046996	180	1
Cx_quinquefasciatus	Cx_pipiens	NC_051862.1	chr2	68829440	68942162	112722	3	0.306	0.306	gene-LOC119767496	gene-LOC6032389	181	1
Cx_quinquefasciatus	Cx_pipiens	NC_051862.1	chr2	112902473	113135538	233065	4	0.501	0.502	gene-LOC119766659	gene-LOC119766262	182	1
Cx_quinquefasciatus	Cx_pipiens	NC_051862.1	chr2	114352212	114464919	112706	3	0.508	0.508	gene-LOC119767059	gene-LOC119767193	183	1
Cx_quinquefasciatus	Cx_pipiens	NC_051862.1	chr2	114948029	115070270	122240	3	0.51	0.511	gene-LOC119767369	gene-LOC119766273	184	1
Cx_quinquefasciatus	Cx_pipiens	NC_051862.1	chr2	123037927	123379259	341332	3	0.546	0.548	gene-LOC119767278	gene-LOC119767522	185	1
Cx_quinquefasciatus	Cx_pipiens	NC_051862.1	chr2	128160984	128297094	136110	3	0.569	0.57	gene-LOC6036528	gene-LOC119767771	186	1
Cx_quinquefasciatus	Cx_pipiens	NC_051862.1	chr2	136061829	136338740	276911	3	0.604	0.606	gene-LOC6038630	gene-LOC119766332	187	1
Cx_quinquefasciatus	Cx_pipiens	NC_051862.1	chr2	138566970	138669049	102079	3	0.615	0.616	gene-Trnav-cac-9	gene-LOC6036652	188	1
Cx_quinquefasciatus	Cx_pipiens	NC_051862.1	chr2	147442122	147546564	104442	3	0.655	0.655	gene-LOC119767917	gene-Trnaa-agc-4	189	1
Cx_quinquefasciatus	Cx_pipiens	NC_051862.1	chr2	209592838	209701593	108755	3	0.931	0.931	gene-LOC119766616	gene-LOC119766486	24	2
Cx_quinquefasciatus	Cx_pipiens	NC_051863.1	chr3	29965238	30174765	209526	3	0.148	0.149	gene-LOC119769533	gene-LOC6048694	190	1
Cx_quinquefasciatus	Cx_pipiens	NC_051863.1	chr3	57221921	57360605	138683	3	0.284	0.284	gene-LOC119770312	gene-LOC6041425	191	1
Cx_quinquefasciatus	Cx_pipiens	NC_051863.1	chr3	89845865	90453270	607405	7	0.446	0.449	gene-LOC119769057	gene-LOC6049683	192	1
Cx_quinquefasciatus	Cx_pipiens	NC_051863.1	chr3	90685877	90806357	120480	3	0.45	0.45	gene-LOC119769064	gene-LOC119769756	193	1
Cx_quinquefasciatus	Cx_pipiens	NC_051863.1	chr3	110921308	111617333	696025	3	0.55	0.554	gene-LOC6043689	gene-LOC119769875	194	1
Cx_quinquefasciatus	Cx_pipiens	NC_051863.1	chr3	122937957	123128362	190404	3	0.61	0.611	gene-Trnam-cau-23	gene-LOC119768697	195	1
Cx_quinquefasciatus	Cx_pipiens	NC_051863.1	chr3	128356092	128561196	205104	3	0.637	0.638	gene-LOC119770548	gene-LOC119769850	196	1
Cx_quinquefasciatus	Cx_pipiens	NC_051863.1	chr3	133902842	134024865	122023	3	0.664	0.665	gene-LOC6035492	gene-LOC119768599	197	1
Cx_quinquefasciatus	Cx_pipiens	NC_051863.1	chr3	136914755	137049221	134466	4	0.679	0.68	gene-LOC6043147	gene-LOC119769263	198	1
Cx_quinquefasciatus	Cx_pipiens	NC_051863.1	chr3	142246931	142440117	193186	4	0.706	0.707	gene-LOC119769281	gene-LOC119770808	199	1
Cx_quinquefasciatus	Cx_pipiens	NC_051863.1	chr3	145026605	145294657	268052	3	0.72	0.721	gene-LOC119770447	gene-LOC119770347	200	1
Cx_quinquefasciatus	Cx_pipiens	NC_051863.1	chr3	182822731	182999401	176669	4	0.907	0.908	gene-LOC6035294	gene-LOC119768862	37	2
Cx_quinquefasciatus	Cx_pipiens	NC_051863.1	chr3	187696698	187809144	112446	3	0.931	0.932	gene-LOC119769350	gene-LOC119769395	201	1
Cx_quinquefasciatus	Cx_pipiens	NC_051861.1	chr1	6694872	6990304	295432	3	0.05	0.053	gene-LOC119765059	gene-LOC6048982	202	1
Cx_quinquefasciatus	Cx_pipiens	NC_051861.1	chr1	29408043	29726847	318803	13	0.221	0.224	gene-LOC6040674	gene-LOC119769412	157	2
Cx_quinquefasciatus	Cx_pipiens	NC_051861.1	chr1	29741701	30144072	402370	15	0.224	0.227	gene-LOC119765264	gene-LOC6038022	158	2
Cx_quinquefasciatus	Cx_pipiens	NC_051861.1	chr1	30168071	30522997	354926	4	0.227	0.23	gene-LOC119765553	gene-LOC6044609	159	2
Cx_quinquefasciatus	Cx_pipiens	NC_051861.1	chr1	30543825	31619506	1075681	10	0.23	0.238	gene-LOC6044618	gene-LOC6044841	42	3
Cx_quinquefasciatus	Cx_pipiens	NC_051861.1	chr1	31854510	32626429	771919	28	0.24	0.246	gene-LOC6044852	gene-LOC119765189	45	3
Cx_quinquefasciatus	Cx_pipiens	NC_051861.1	chr1	32709495	33304561	595066	26	0.246	0.251	gene-LOC119765403	gene-LOC6046593	46	3
Cx_quinquefasciatus	Cx_pipiens	NC_051861.1	chr1	33305565	33553133	247568	18	0.251	0.253	gene-LOC6046591	gene-LOC119765193	160	2
Cx_quinquefasciatus	Cx_pipiens	NC_051861.1	chr1	33596433	35017568	1421135	31	0.253	0.264	gene-LOC6039627	gene-LOC6039182	48	3
Cx_quinquefasciatus	Cx_pipiens	NC_051861.1	chr1	35041960	35258742	216782	12	0.264	0.265	gene-Trnai-aau-16	gene-LOC6039162	50	3
Cx_quinquefasciatus	Cx_pipiens	NC_051861.1	chr1	35260235	36055180	794945	16	0.265	0.271	gene-LOC119765335	gene-LOC6046415	51	2
Cx_quinquefasciatus	Cx_pipiens	NC_051861.1	chr1	36434912	37259671	824758	14	0.274	0.28	gene-LOC119769515	gene-LOC6035081	164	2
Cx_quinquefasciatus	Cx_pipiens	NC_051861.1	chr1	37266816	38179818	913002	22	0.28	0.287	gene-LOC119765515	gene-Trnad-guc	165	2
Cx_quinquefasciatus	Cx_pipiens	NC_051861.1	chr1	38310670	38749611	438941	7	0.288	0.292	gene-LOC119765548	gene-LOC119765599	203	1
Cx_quinquefasciatus	Cx_pipiens	NC_051861.1	chr1	38791749	39314052	522302	14	0.292	0.296	gene-LOC119765651	gene-LOC6037345	204	1
Cx_quinquefasciatus	Cx_pipiens	NC_051861.1	chr1	39448811	39966151	517340	18	0.297	0.301	gene-LOC119765136	gene-LOC119769544	205	3
Cx_quinquefasciatus	Cx_pipiens	NC_051861.1	chr1	63238851	63376224	137373	3	0.476	0.477	gene-LOC119766892	gene-LOC119766894	206	1
Cx_quinquefasciatus	Cx_pipiens	NC_051861.1	chr1	63869414	64278911	409497	3	0.481	0.484	gene-LOC119766871	gene-LOC119768155	207	1
Cx_quinquefasciatus	Cx_pipiens	NC_051861.1	chr1	64416089	64669594	253505	3	0.485	0.487	gene-LOC119768144	gene-LOC6053209	208	1
Cx_quinquefasciatus	Cx_pipiens	NC_051861.1	chr1	64921049	65064958	143909	3	0.489	0.49	gene-LOC119766555	gene-LOC6052619	209	1
Cx_quinquefasciatus	Cx_pipiens	NC_051861.1	chr1	67068374	67195979	127605	3	0.505	0.506	gene-LOC119765087	gene-LOC119768857	210	1
Cx_quinquefasciatus	Cx_pipiens	NC_051861.1	chr1	68110721	68287397	176676	4	0.513	0.514	gene-LOC119765492	gene-LOC119765066	211	1
Cx_quinquefasciatus	Cx_pipiens	NC_051861.1	chr1	88394833	89019481	624648	3	0.665	0.67	gene-LOC119765146	gene-LOC119765676	212	1
Cx_quinquefasciatus	Cx_pipiens	NC_051861.1	chr1	107518558	107753984	235426	4	0.809	0.811	gene-LOC6041289	gene-LOC6041292	213	2
Cx_pallens	Cx_molestus	NC_068938.1	chr2	9070197	9387175	316977	15	0.04	0.042	gene-LOC6036033	gene-LOC6036012	110	3
Cx_pallens	Cx_molestus	NC_068938.1	chr2	24647531	24802099	154568	3	0.11	0.11	gene-Trnaa-agc-8	gene-LOC6036135	214	1
Cx_pallens	Cx_molestus	NC_068938.1	chr2	25248020	25877659	629639	8	0.112	0.115	gene-LOC6036123	gene-LOC6043470	108	3
Cx_pallens	Cx_molestus	NC_068938.1	chr2	25952346	26072546	120200	3	0.115	0.116	gene-LOC119766392	gene-Trnal-aag-4	215	1
Cx_pallens	Cx_molestus	NC_068938.1	chr2	34480670	34649931	169261	11	0.154	0.154	gene-LOC119768194	gene-LOC6031916	107	3
Cx_pallens	Cx_molestus	NC_068938.1	chr2	37197212	37448202	250989	5	0.166	0.167	gene-LOC6044232	gene-LOC6044250	106	2
Cx_pallens	Cx_molestus	NC_068938.1	chr2	57985768	58460722	474954	4	0.258	0.261	gene-LOC6053717	gene-LOC119766397	105	3
Cx_pallens	Cx_molestus	NC_068938.1	chr2	65348501	65632955	284454	3	0.291	0.293	gene-LOC119770232	gene-LOC6038075	216	1
Cx_pallens	Cx_molestus	NC_068938.1	chr2	66015140	66164947	149806	3	0.294	0.295	gene-LOC119768679	gene-LOC119769665	217	1
Cx_pallens	Cx_molestus	NC_068938.1	chr2	68653147	68765698	112551	3	0.306	0.307	gene-LOC119769601	gene-LOC6047773	218	1
Cx_pallens	Cx_molestus	NC_068938.1	chr2	70490660	70607966	117305	14	0.314	0.315	gene-LOC6054187	gene-LOC6052522	103	3
Cx_pallens	Cx_molestus	NC_068938.1	chr2	79915485	80034782	119297	3	0.356	0.357	gene-LOC6045155	gene-LOC6045157	219	1
Cx_pallens	Cx_molestus	NC_068938.1	chr2	86436918	86578587	141669	7	0.386	0.386	gene-LOC6044599	gene-LOC119769344	220	1
Cx_pallens	Cx_molestus	NC_068938.1	chr2	93922911	94046289	123378	7	0.419	0.419	gene-LOC6036693	gene-LOC6036646	101	3
Cx_pallens	Cx_molestus	NC_068938.1	chr2	94091816	94218047	126231	10	0.42	0.42	gene-LOC6036647	gene-Trnav-cac-16	100	3
Cx_pallens	Cx_molestus	NC_068938.1	chr2	95376270	95502353	126082	4	0.425	0.426	gene-LOC119769628	gene-LOC119766995	221	1
Cx_pallens	Cx_molestus	NC_068938.1	chr2	107321701	107512792	191091	5	0.479	0.48	gene-LOC119765200	gene-LOC6054416	222	1
Cx_pallens	Cx_molestus	NC_068938.1	chr2	111138502	111426080	287578	3	0.496	0.497	gene-LOC119769488	gene-LOC119769461	223	1
Cx_pallens	Cx_molestus	NC_068938.1	chr2	112420321	112905184	484863	4	0.501	0.504	gene-LOC119766654	gene-LOC6032485	224	1
Cx_pallens	Cx_molestus	NC_068938.1	chr2	120049884	120473151	423267	3	0.536	0.537	gene-LOC119768594	gene-LOC6033799	225	1
Cx_pallens	Cx_molestus	NC_068938.1	chr2	121714446	121921298	206851	4	0.543	0.544	gene-LOC119769020	gene-LOC119770132	226	2
Cx_pallens	Cx_molestus	NC_068938.1	chr2	125967492	126313347	345855	3	0.562	0.564	gene-LOC6054186	gene-LOC119765949	227	1
Cx_pallens	Cx_molestus	NC_068938.1	chr2	132573778	132701548	127770	3	0.591	0.592	gene-LOC119768869	gene-LOC6046545	88	2
Cx_pallens	Cx_molestus	NC_068938.1	chr2	137701489	137804388	102899	3	0.614	0.615	gene-LOC6043507	gene-LOC6043514	87	3
Cx_pallens	Cx_molestus	NC_068938.1	chr2	148884607	149134278	249671	4	0.664	0.665	gene-LOC119767772	gene-LOC6040786	228	2
Cx_pallens	Cx_molestus	NC_068938.1	chr2	151730289	151870332	140043	5	0.677	0.678	gene-LOC6032392	gene-LOC6032402	86	2
Cx_pallens	Cx_molestus	NC_068938.1	chr2	156688858	157308871	620012	6	0.699	0.702	gene-LOC6044628	gene-LOC6053709	229	2
Cx_pallens	Cx_molestus	NC_068938.1	chr2	157351176	157623195	272019	4	0.702	0.703	gene-LOC6047301	gene-LOC6052628	230	1
Cx_pallens	Cx_molestus	NC_068938.1	chr2	157646346	157778022	131676	3	0.703	0.704	gene-LOC119767537	gene-LOC119770548	231	1
Cx_pallens	Cx_molestus	NC_068938.1	chr2	158005250	158371818	366568	4	0.705	0.707	gene-LOC6051970	gene-LOC119766030	11	3
Cx_pallens	Cx_molestus	NC_068938.1	chr2	162458703	162721365	262662	6	0.725	0.726	gene-LOC6054370	gene-LOC119767551	9	3
Cx_pallens	Cx_molestus	NC_068938.1	chr2	162937674	163428112	490438	4	0.727	0.729	gene-LOC6044442	gene-LOC6053090	232	1
Cx_pallens	Cx_molestus	NC_068938.1	chr2	163464246	163625929	161682	6	0.729	0.73	gene-LOC6038575	gene-LOC6038557	233	2
Cx_pallens	Cx_molestus	NC_068938.1	chr2	163827681	163985207	157526	8	0.731	0.732	gene-LOC6043112	gene-LOC6038119	3	2
Cx_pallens	Cx_molestus	NC_068938.1	chr2	167856143	168052398	196255	6	0.749	0.75	gene-LOC6040287	gene-LOC6054473	85	3
Cx_pallens	Cx_molestus	NC_068938.1	chr2	171919259	172028853	109593	5	0.767	0.768	gene-LOC6049878	gene-LOC6049869	234	1
Cx_pallens	Cx_molestus	NC_068938.1	chr2	173532106	173715954	183848	6	0.774	0.775	gene-LOC6040400	gene-LOC6047667	84	2
Cx_pallens	Cx_molestus	NC_068938.1	chr2	175101180	175365660	264479	6	0.781	0.782	gene-LOC6044277	gene-Trnav-aac-30	82	3
Cx_pallens	Cx_molestus	NC_068938.1	chr2	175382245	175557690	175445	8	0.783	0.783	gene-Trnav-aac-7	gene-Trnaw-cca-12	235	1
Cx_pallens	Cx_molestus	NC_068938.1	chr2	176953062	177531737	578675	9	0.79	0.792	gene-LOC6051439	gene-LOC6038737	80	2
Cx_pallens	Cx_molestus	NC_068938.1	chr2	180953600	181081425	127825	8	0.807	0.808	gene-LOC6042187	gene-LOC119766478	236	1
Cx_pallens	Cx_molestus	NC_068938.1	chr2	185636958	186315888	678930	4	0.828	0.831	gene-LOC6052972	gene-Trnat-agu	79	3
Cx_pallens	Cx_molestus	NC_068938.1	chr2	186338593	186463711	125118	3	0.831	0.832	gene-LOC6041644	gene-LOC119767291	237	1
Cx_pallens	Cx_molestus	NC_068938.1	chr2	192275597	192393700	118103	6	0.858	0.859	gene-LOC6051751	gene-LOC6051849	4	3
Cx_pallens	Cx_molestus	NC_068938.1	chr2	206780897	206985305	204407	3	0.923	0.924	gene-LOC6035857	gene-LOC119767759	238	2
Cx_pallens	Cx_molestus	NC_068938.1	chr2	211473101	211679834	206732	8	0.944	0.945	gene-LOC6038342	gene-LOC6038350	78	3
Cx_pallens	Cx_molestus	NC_068938.1	chr2	214417624	214787771	370147	12	0.957	0.958	gene-LOC6044044	gene-LOC6051296	1	3
Cx_pallens	Cx_molestus	NC_068939.1	chr3	173012	882936	709924	3	0.0	0.004	gene-LOC119768578	gene-LOC119770079	239	1
Cx_pallens	Cx_molestus	NC_068939.1	chr3	26400370	26514899	114529	3	0.141	0.142	gene-LOC119767719	gene-LOC6040654	240	1
Cx_pallens	Cx_molestus	NC_068939.1	chr3	26739549	26940977	201427	15	0.143	0.144	gene-LOC119769779	gene-LOC6047868	153	3
Cx_pallens	Cx_molestus	NC_068939.1	chr3	43614013	44117296	503283	13	0.234	0.236	gene-LOC119769763	gene-LOC119769429	152	3
Cx_pallens	Cx_molestus	NC_068939.1	chr3	44318453	44490755	172301	4	0.237	0.238	gene-LOC119770003	gene-LOC6036231	150	2
Cx_pallens	Cx_molestus	NC_068939.1	chr3	53074195	53348198	274002	3	0.284	0.286	gene-LOC119771227	gene-LOC6037132	241	1
Cx_pallens	Cx_molestus	NC_068939.1	chr3	55513056	55689804	176748	3	0.298	0.299	gene-LOC119770052	gene-LOC6050638	242	1
Cx_pallens	Cx_molestus	NC_068939.1	chr3	56530395	57120594	590198	3	0.303	0.306	gene-LOC6048064	gene-LOC6036421	243	1
Cx_pallens	Cx_molestus	NC_068939.1	chr3	64011183	64194871	183688	4	0.343	0.344	gene-LOC6033545	gene-LOC6033549	148	3
Cx_pallens	Cx_molestus	NC_068939.1	chr3	70300804	70552326	251521	5	0.377	0.378	gene-LOC6036201	gene-LOC6036210	147	2
Cx_pallens	Cx_molestus	NC_068939.1	chr3	70560638	70674716	114078	8	0.378	0.379	gene-LOC6036212	gene-LOC119770463	146	3
Cx_pallens	Cx_molestus	NC_068939.1	chr3	70972949	71236327	263377	8	0.381	0.382	gene-LOC6039413	gene-LOC119769322	144	3
Cx_pallens	Cx_molestus	NC_068939.1	chr3	71340636	71700580	359944	13	0.383	0.385	gene-LOC6035492	gene-LOC6035478	143	3
Cx_pallens	Cx_molestus	NC_068939.1	chr3	71711526	72523914	812388	21	0.385	0.389	gene-LOC119770078	gene-LOC6036544	244	2
Cx_pallens	Cx_molestus	NC_068939.1	chr3	72557117	73097999	540882	8	0.389	0.392	gene-LOC119770627	gene-LOC6036563	142	3
Cx_pallens	Cx_molestus	NC_068939.1	chr3	75330312	75435296	104984	3	0.404	0.405	gene-LOC119769233	gene-LOC6049979	245	1
Cx_pallens	Cx_molestus	NC_068939.1	chr3	82145434	82274480	129045	3	0.441	0.441	gene-LOC6037615	gene-LOC6037618	141	2
Cx_pallens	Cx_molestus	NC_068939.1	chr3	84440090	84806732	366642	3	0.453	0.455	gene-LOC6037170	gene-LOC6037174	139	2
Cx_pallens	Cx_molestus	NC_068939.1	chr3	85391763	85548896	157133	7	0.458	0.459	gene-LOC6044903	gene-LOC6045504	138	3
Cx_pallens	Cx_molestus	NC_068939.1	chr3	89048107	89349730	301623	10	0.478	0.48	gene-LOC6035609	gene-LOC6035594	137	3
Cx_pallens	Cx_molestus	NC_068939.1	chr3	93514823	94003856	489032	3	0.502	0.505	gene-LOC119767813	gene-LOC119767008	246	1
Cx_pallens	Cx_molestus	NC_068939.1	chr3	110854934	111050985	196050	3	0.595	0.596	gene-LOC6032741	gene-LOC6049668	247	1
Cx_pallens	Cx_molestus	NC_068939.1	chr3	111157679	111689610	531931	13	0.597	0.6	gene-LOC6032732	gene-LOC6039207	119	3
Cx_pallens	Cx_molestus	NC_068939.1	chr3	111752668	111967072	214404	11	0.6	0.601	gene-LOC6039215	gene-LOC6039221	118	3
Cx_pallens	Cx_molestus	NC_068939.1	chr3	111969807	112318649	348842	8	0.601	0.603	gene-LOC6039222	gene-LOC119766555	248	1
Cx_pallens	Cx_molestus	NC_068939.1	chr3	112327224	112949160	621935	10	0.603	0.606	gene-LOC6039236	gene-LOC119769931	249	1
Cx_pallens	Cx_molestus	NC_068939.1	chr3	123154744	123490102	335358	3	0.661	0.663	gene-Trnar-ucg-13	gene-LOC119766333	250	1
Cx_pallens	Cx_molestus	NC_068939.1	chr3	132240694	132727161	486467	4	0.71	0.713	gene-LOC6045456	gene-LOC119765532	115	3
Cx_pallens	Cx_molestus	NC_068939.1	chr3	139919324	140048181	128857	4	0.751	0.752	gene-LOC6045138	gene-LOC6045143	114	3
Cx_pallens	Cx_molestus	NC_068939.1	chr3	142017487	142264030	246543	3	0.763	0.764	gene-Trnaf-gaa-13	gene-LOC119767504	251	1
Cx_pallens	Cx_molestus	NC_068939.1	chr3	146095033	146232909	137876	10	0.785	0.785	gene-LOC6040338	gene-LOC6040350	252	1
Cx_pallens	Cx_molestus	NC_068939.1	chr3	146271367	146606944	335577	6	0.786	0.787	gene-LOC6054578	gene-LOC119767755	253	2
Cx_pallens	Cx_molestus	NC_068939.1	chr3	147109784	147744931	635147	4	0.79	0.794	gene-LOC6051522	gene-LOC119769558	254	1
Cx_pallens	Cx_molestus	NC_068939.1	chr3	153359239	153476342	117102	3	0.824	0.824	gene-LOC6039475	gene-LOC6039477	113	2
Cx_pallens	Cx_molestus	NC_068939.1	chr3	164480453	164584415	103962	4	0.884	0.884	gene-LOC6047496	gene-LOC119767688	255	1
Cx_pallens	Cx_molestus	NC_068939.1	chr3	172001552	172252640	251088	3	0.924	0.925	gene-LOC6046655	gene-LOC119766402	256	1
Cx_pallens	Cx_molestus	NC_068939.1	chr3	181826729	182050031	223302	7	0.977	0.978	gene-LOC6045235	gene-LOC6044724	111	3
Cx_pallens	Cx_molestus	NC_068937.1	chr1	168571	622371	453800	3	0.001	0.004	gene-LOC6032101	gene-LOC6052354	257	1
Cx_pallens	Cx_molestus	NC_068937.1	chr1	23254476	23417791	163315	3	0.167	0.168	gene-LOC119767644	gene-LOC6044369	258	1
Cx_pallens	Cx_molestus	NC_068937.1	chr1	45228232	45813347	585115	6	0.325	0.329	gene-LOC6046383	gene-LOC119765345	179	3
Cx_pallens	Cx_molestus	NC_068937.1	chr1	47203772	47328811	125039	3	0.339	0.34	gene-LOC6046975	gene-LOC6036603	259	1
Cx_pallens	Cx_molestus	NC_068937.1	chr1	55738173	56074633	336460	4	0.401	0.403	gene-LOC119770458	gene-LOC6042495	177	3
Cx_pallens	Cx_molestus	NC_068937.1	chr1	56313685	56819079	505394	4	0.405	0.408	gene-LOC119765335	gene-LOC119769869	260	1
Cx_pallens	Cx_molestus	NC_068937.1	chr1	59719994	59955325	235330	3	0.429	0.431	gene-LOC119765678	gene-LOC6031444	261	1
Cx_pallens	Cx_molestus	NC_068937.1	chr1	62365834	63417956	1052121	3	0.448	0.456	gene-LOC6041885	gene-LOC119768777	262	2
Cx_pallens	Cx_molestus	NC_068937.1	chr1	64326864	65057350	730486	4	0.462	0.468	gene-LOC119767329	gene-LOC6042030	263	1
Cx_pallens	Cx_molestus	NC_068937.1	chr1	66621874	66996082	374208	3	0.479	0.482	gene-LOC119770261	gene-LOC6045724	264	1
Cx_pallens	Cx_molestus	NC_068937.1	chr1	67566465	67962468	396003	4	0.486	0.488	gene-LOC6053456	gene-LOC119769867	265	1
Cx_pallens	Cx_molestus	NC_068937.1	chr1	70292614	71917211	1624597	3	0.505	0.517	gene-LOC119769760	gene-LOC119768582	266	1
Cx_pallens	Cx_molestus	NC_068937.1	chr1	72434750	72867668	432918	3	0.521	0.524	gene-LOC119766198	gene-LOC119765776	267	1
Cx_pallens	Cx_molestus	NC_068937.1	chr1	72944594	74247047	1302453	9	0.524	0.534	gene-LOC6049778	gene-LOC119766847	268	1
Cx_pallens	Cx_molestus	NC_068937.1	chr1	74354750	74693378	338628	3	0.534	0.537	gene-LOC119766212	gene-LOC6048435	269	1
Cx_pallens	Cx_molestus	NC_068937.1	chr1	75972244	76274465	302221	4	0.546	0.548	gene-LOC119770614	gene-LOC119769287	270	1
Cx_pallens	Cx_molestus	NC_068937.1	chr1	77833055	78483340	650285	4	0.559	0.564	gene-LOC119767201	gene-LOC119765936	271	1
Cx_pallens	Cx_molestus	NC_068937.1	chr1	80729285	81246990	517705	3	0.58	0.584	gene-LOC119768770	gene-LOC119766640	272	1
Cx_pallens	Cx_molestus	NC_068937.1	chr1	81709953	82175420	465467	4	0.587	0.591	gene-LOC119769584	gene-LOC119767204	273	1
Cx_pallens	Cx_molestus	NC_068937.1	chr1	82441267	82613756	172488	3	0.593	0.594	gene-LOC119767081	gene-LOC119766951	274	1
Cx_pallens	Cx_molestus	NC_068937.1	chr1	82659365	83226467	567101	3	0.594	0.598	gene-LOC6048537	gene-LOC119769864	275	1
Cx_pallens	Cx_molestus	NC_068937.1	chr1	85283918	85603746	319828	19	0.613	0.615	gene-LOC6034771	gene-LOC6034803	169	3
Cx_pallens	Cx_molestus	NC_068937.1	chr1	87132035	88372312	1240277	4	0.626	0.635	gene-LOC6039308	gene-LOC6035363	168	2
Cx_pallens	Cx_molestus	NC_068937.1	chr1	89672619	90263687	591068	4	0.645	0.649	gene-LOC119771236	gene-LOC119767289	276	1
Cx_pallens	Cx_molestus	NC_068937.1	chr1	90635264	90776003	140739	8	0.652	0.653	gene-LOC6042026	gene-LOC119770331	39	3
Cx_pallens	Cx_molestus	NC_068937.1	chr1	91091262	91522575	431313	3	0.655	0.658	gene-LOC6042017	gene-LOC6040698	277	1
Cx_pallens	Cx_molestus	NC_068937.1	chr1	101586689	101817736	231047	10	0.73	0.732	gene-LOC6037333	gene-LOC6037321	205	3
Cx_pallens	Cx_molestus	NC_068937.1	chr1	101958397	102322770	364373	10	0.733	0.736	gene-LOC119769544	gene-LOC119771237	278	2
Cx_pallens	Cx_molestus	NC_068937.1	chr1	102462119	103197536	735416	11	0.737	0.742	gene-Trnag-ucc-5	gene-LOC119766417	279	2
Cx_pallens	Cx_molestus	NC_068937.1	chr1	103347764	103598856	251092	4	0.743	0.745	gene-LOC6040266	gene-LOC6039067	280	2
Cx_pallens	Cx_molestus	NC_068937.1	chr1	103631488	104031452	399964	8	0.745	0.748	gene-LOC6039069	gene-LOC119771181	55	3
Cx_pallens	Cx_molestus	NC_068937.1	chr1	104324955	104732019	407064	4	0.75	0.753	gene-LOC6040662	gene-LOC119765482	281	1
Cx_pallens	Cx_molestus	NC_068937.1	chr1	104870963	105562082	691119	10	0.754	0.759	gene-LOC6049260	gene-LOC6033728	56	3
Cx_pallens	Cx_molestus	NC_068937.1	chr1	105573157	106041625	468467	26	0.759	0.762	gene-LOC119766237	gene-LOC6033686	57	3
Cx_pallens	Cx_molestus	NC_068937.1	chr1	106181270	107445133	1263862	21	0.763	0.772	gene-LOC119769186	gene-LOC6041364	60	3
Cx_pallens	Cx_molestus	NC_068937.1	chr1	107464996	107767962	302966	6	0.773	0.775	gene-LOC119771225	gene-Trnaa-cgc	282	1
Cx_pallens	Cx_molestus	NC_068937.1	chr1	108141570	108669158	527588	8	0.777	0.781	gene-LOC6035513	gene-Trnat-cgu	283	2
Cx_pallens	Cx_molestus	NC_068937.1	chr1	108935642	109308084	372442	5	0.783	0.786	gene-LOC119768870	gene-LOC119768066	284	2
Cx_pallens	Cx_molestus	NC_068937.1	chr1	109384768	109548463	163695	5	0.786	0.788	gene-LOC6039670	gene-LOC6052943	285	2
Cx_pallens	Cx_molestus	NC_068937.1	chr1	109597941	109756622	158680	3	0.788	0.789	gene-LOC6039678	gene-LOC119767751	286	1
Cx_pallens	Cx_molestus	NC_068937.1	chr1	109859790	110581566	721776	11	0.79	0.795	gene-LOC119770592	gene-LOC6034933	65	3
Cx_pallens	Cx_molestus	NC_068937.1	chr1	111596942	112003450	406508	4	0.802	0.805	gene-LOC6035648	gene-LOC6050504	156	3
Cx_pallens	Cx_molestus	NC_068937.1	chr1	113435642	114252132	816490	3	0.815	0.821	gene-LOC119765431	gene-LOC6031670	287	1
Cx_pallens	Cx_molestus	NC_068937.1	chr1	121788914	122032218	243304	8	0.876	0.877	gene-LOC6051159	gene-LOC6042392	38	3
Cx_pallens	Cx_molestus	NC_068937.1	chr1	136803376	137158711	355334	6	0.984	0.986	gene-LOC6035180	gene-LOC6035169	155	3
Cx_pallens	Cx_pipiens	NC_068938.1	chr2	13671326	13938893	267566	3	0.061	0.062	gene-LOC119768787	gene-LOC6054012	288	1
Cx_pallens	Cx_pipiens	NC_068938.1	chr2	26574305	26715395	141090	3	0.118	0.119	gene-LOC6053501	gene-Trnad-guc-26	289	1
Cx_pallens	Cx_pipiens	NC_068938.1	chr2	35623162	35734589	111427	3	0.159	0.159	gene-LOC119766469	gene-LOC6049450	290	1
Cx_pallens	Cx_pipiens	NC_068938.1	chr2	48153985	48298890	144904	3	0.215	0.215	gene-LOC119767563	gene-LOC6037011	291	1
Cx_pallens	Cx_pipiens	NC_068938.1	chr2	57611359	57922577	311218	3	0.257	0.258	gene-LOC119766141	gene-LOC6037523	292	1
Cx_pallens	Cx_pipiens	NC_068938.1	chr2	78261661	78418891	157230	3	0.349	0.35	gene-Trnav-aac-18	gene-Trnav-aac-8	293	1
Cx_pallens	Cx_pipiens	NC_068938.1	chr2	115245985	115727534	481549	4	0.514	0.516	gene-LOC119768109	gene-LOC119769428	294	1
Cx_pallens	Cx_pipiens	NC_068938.1	chr2	116622573	116900437	277863	3	0.52	0.521	gene-LOC6047387	gene-LOC119771267	295	1
Cx_pallens	Cx_pipiens	NC_068938.1	chr2	121717033	121921298	204264	3	0.543	0.544	gene-LOC119766335	gene-LOC119770132	226	2
Cx_pallens	Cx_pipiens	NC_068938.1	chr2	124951298	125181409	230110	3	0.557	0.558	gene-LOC6036879	gene-LOC6045822	296	1
Cx_pallens	Cx_pipiens	NC_068938.1	chr2	145081008	145501387	420379	3	0.647	0.649	gene-LOC119766065	gene-LOC119769889	297	1
Cx_pallens	Cx_pipiens	NC_068938.1	chr2	153616750	153825608	208858	4	0.685	0.686	gene-LOC119768185	gene-LOC119768192	298	1
Cx_pallens	Cx_pipiens	NC_068938.1	chr2	157063944	157308871	244927	5	0.701	0.702	gene-LOC6050447	gene-LOC6053709	229	2
Cx_pallens	Cx_pipiens	NC_068938.1	chr2	158005250	158371818	366568	4	0.705	0.707	gene-LOC6051970	gene-LOC119766030	11	3
Cx_pallens	Cx_pipiens	NC_068938.1	chr2	162458703	162854292	395589	8	0.725	0.727	gene-LOC6054370	gene-LOC6044436	9	3
Cx_pallens	Cx_pipiens	NC_068938.1	chr2	162937674	163625929	688254	9	0.727	0.73	gene-LOC6044442	gene-LOC6038557	233	2
Cx_pallens	Cx_pipiens	NC_068938.1	chr2	192275597	192393700	118103	6	0.858	0.859	gene-LOC6051751	gene-LOC6051849	4	3
Cx_pallens	Cx_pipiens	NC_068938.1	chr2	206780897	206985305	204407	3	0.923	0.924	gene-LOC6035857	gene-LOC119767759	238	2
Cx_pallens	Cx_pipiens	NC_068938.1	chr2	214417624	214605264	187640	11	0.957	0.958	gene-LOC6044044	gene-LOC6044054	1	3
Cx_pallens	Cx_pipiens	NC_068939.1	chr3	25465033	25999708	534675	3	0.137	0.14	gene-LOC119766097	gene-LOC6046163	299	1
Cx_pallens	Cx_pipiens	NC_068939.1	chr3	91041023	91232071	191048	3	0.489	0.49	gene-LOC119768082	gene-LOC6049114	300	1
Cx_pallens	Cx_pipiens	NC_068939.1	chr3	95725954	96271586	545632	3	0.514	0.517	gene-LOC119769129	gene-LOC6032193	301	1
Cx_pallens	Cx_pipiens	NC_068939.1	chr3	116323109	116746335	423225	3	0.625	0.627	gene-LOC6047980	gene-LOC119766363	302	1
Cx_pallens	Cx_pipiens	NC_068939.1	chr3	130252702	130356791	104088	3	0.7	0.7	gene-LOC6051693	gene-Trnan-auu	303	1
Cx_pallens	Cx_pipiens	NC_068937.1	chr1	25793949	26015664	221715	4	0.185	0.187	gene-LOC6041292	gene-LOC6041289	213	2
Cx_pallens	Cx_pipiens	NC_068937.1	chr1	62247227	63417956	1170728	4	0.447	0.456	gene-LOC119769947	gene-LOC119768777	262	2
Cx_pallens	Cx_pipiens	NC_068937.1	chr1	63909989	64123329	213340	3	0.459	0.461	gene-LOC6035340	gene-LOC119769572	304	1
Cx_pallens	Cx_pipiens	NC_068937.1	chr1	64146056	64499442	353385	3	0.461	0.464	gene-LOC119770629	gene-LOC119770172	305	1
Cx_pallens	Cx_pipiens	NC_068937.1	chr1	65331460	65506190	174730	3	0.47	0.471	gene-LOC119767387	gene-LOC6041904	306	1
Cx_pallens	Cx_pipiens	NC_068937.1	chr1	66399290	66791381	392091	3	0.477	0.48	gene-LOC119765521	gene-LOC6049458	307	1
Cx_pallens	Cx_pipiens	NC_068937.1	chr1	66816818	67004374	187556	3	0.48	0.482	gene-LOC119769412	gene-LOC119769061	308	1
Cx_pallens	Cx_pipiens	NC_068937.1	chr1	67093819	68199155	1105336	3	0.482	0.49	gene-LOC119771178	gene-LOC119770744	309	1
Cx_pallens	Cx_pipiens	NC_068937.1	chr1	69154393	69341019	186626	3	0.497	0.498	gene-LOC119770211	gene-LOC119766448	310	1
Cx_pallens	Cx_pipiens	NC_068937.1	chr1	71309989	72085990	776001	4	0.513	0.518	gene-LOC119767866	gene-LOC119770751	311	1
Cx_pallens	Cx_pipiens	NC_068937.1	chr1	76929016	77196710	267694	3	0.553	0.555	gene-LOC119768773	gene-LOC119769927	312	1
Cx_pallens	Cx_pipiens	NC_068937.1	chr1	78256678	78441389	184711	3	0.562	0.564	gene-LOC119767340	gene-LOC119766272	313	1
Cx_pallens	Cx_pipiens	NC_068937.1	chr1	80687568	80798139	110571	4	0.58	0.581	gene-LOC119765602	gene-LOC119770187	314	1
Cx_pallens	Cx_pipiens	NC_068937.1	chr1	81266963	81423474	156511	3	0.584	0.585	gene-LOC119768980	gene-LOC119769364	315	1
Cx_pallens	Cx_pipiens	NC_068937.1	chr1	81643477	81865383	221906	4	0.587	0.588	gene-LOC119765149	gene-LOC119768133	316	1
Cx_pallens	Cx_pipiens	NC_068937.1	chr1	81876319	82020798	144479	3	0.589	0.59	gene-LOC119770021	gene-LOC119769443	317	1
Cx_pallens	Cx_pipiens	NC_068937.1	chr1	82116028	82281519	165490	3	0.59	0.591	gene-LOC119767890	gene-LOC119769164	318	1
Cx_pallens	Cx_pipiens	NC_068937.1	chr1	89482717	89727675	244958	3	0.643	0.645	gene-LOC6047694	gene-LOC119768955	319	1
Cx_pallens	Cx_pipiens	NC_068937.1	chr1	90635264	90771677	136413	7	0.652	0.652	gene-LOC6042026	gene-LOC6042016	39	3
Cx_pallens	Cx_pipiens	NC_068937.1	chr1	90825712	91758152	932440	12	0.653	0.66	gene-LOC119768616	gene-LOC119771126	320	1
Cx_pallens	Cx_pipiens	NC_068937.1	chr1	101958397	102445542	487145	12	0.733	0.736	gene-LOC119769544	gene-LOC6042440	278	2
Cx_pallens	Cx_pipiens	NC_068937.1	chr1	102462119	102584570	122450	4	0.737	0.737	gene-Trnag-ucc-5	gene-LOC119765353	321	1
Cx_pallens	Cx_pipiens	NC_068937.1	chr1	102614825	103132225	517400	8	0.738	0.741	gene-LOC6040251	gene-LOC6044003	279	2
Cx_pallens	Cx_pipiens	NC_068937.1	chr1	103347764	103598856	251092	5	0.743	0.745	gene-LOC6040266	gene-LOC6039067	280	2
Cx_pallens	Cx_pipiens	NC_068937.1	chr1	103631488	104031452	399964	9	0.745	0.748	gene-LOC6039069	gene-LOC119771181	55	3
Cx_pallens	Cx_pipiens	NC_068937.1	chr1	104271592	105573157	1301565	16	0.75	0.759	gene-LOC6035068	gene-LOC119766237	56	3
Cx_pallens	Cx_pipiens	NC_068937.1	chr1	105598183	105819784	221600	18	0.759	0.761	gene-LOC6033726	gene-LOC6033701	57	3
Cx_pallens	Cx_pipiens	NC_068937.1	chr1	105826087	106075043	248956	12	0.761	0.763	gene-LOC119769478	gene-LOC119767131	322	1
Cx_pallens	Cx_pipiens	NC_068937.1	chr1	106107520	107767962	1660442	28	0.763	0.775	gene-LOC6033684	gene-Trnaa-cgc	60	3
Cx_pallens	Cx_pipiens	NC_068937.1	chr1	108141570	108669158	527588	8	0.777	0.781	gene-LOC6035513	gene-Trnat-cgu	283	2
Cx_pallens	Cx_pipiens	NC_068937.1	chr1	108967487	109285766	318279	3	0.783	0.786	gene-LOC119768951	gene-LOC6039669	284	2
Cx_pallens	Cx_pipiens	NC_068937.1	chr1	109301174	109536482	235308	5	0.786	0.787	gene-LOC119767716	gene-LOC119766145	285	2
Cx_pallens	Cx_pipiens	NC_068937.1	chr1	109597941	110037275	439334	11	0.788	0.791	gene-LOC6039678	gene-LOC119769245	65	3
Cx_pallens	Cx_pipiens	NC_068937.1	chr1	110323423	110617502	294079	6	0.793	0.795	gene-LOC6034941	gene-LOC6034930	323	1
Cx_pallens	Cx_pipiens	NC_068937.1	chr1	121788914	122032218	243304	11	0.876	0.877	gene-LOC6051159	gene-LOC6042392	38	3
Cx_pallens	Cx_pipiens	NC_068937.1	chr1	127216479	127436157	219678	4	0.915	0.916	gene-LOC119765039	gene-LOC119765547	324	2
Cx_molestus	Cx_pipiens	CM044969.1	chr2	15625912	15878654	252742	9	0.074	0.075	gene-LOC6051217	gene-LOC6038350	78	3
Cx_molestus	Cx_pipiens	CM044969.1	chr2	18241197	18480241	239043	6	0.086	0.087	gene-LOC6037666	gene-LOC6047150	325	1
Cx_molestus	Cx_pipiens	CM044969.1	chr2	23710733	24184362	473629	3	0.112	0.114	gene-LOC119767147	gene-LOC6035862	326	1
Cx_molestus	Cx_pipiens	CM044969.1	chr2	36635527	37250228	614700	3	0.173	0.176	gene-LOC6052972	gene-LOC6041652	79	3
Cx_molestus	Cx_pipiens	CM044969.1	chr2	45238957	45431364	192407	3	0.214	0.215	gene-LOC119770813	gene-LOC119767198	327	1
Cx_molestus	Cx_pipiens	CM044969.1	chr2	45470063	45666163	196100	4	0.215	0.216	gene-LOC6044806	gene-LOC6038748	328	1
Cx_molestus	Cx_pipiens	CM044969.1	chr2	45755168	45885136	129968	6	0.216	0.217	gene-LOC6038744	gene-LOC6038732	329	1
Cx_molestus	Cx_pipiens	CM044969.1	chr2	46732158	46928465	196307	4	0.221	0.222	gene-LOC6044277	gene-Trnal-aag	82	3
Cx_molestus	Cx_pipiens	CM044969.1	chr2	48611584	48772443	160859	8	0.23	0.231	gene-LOC6044232	gene-LOC6047668	330	1
Cx_molestus	Cx_pipiens	CM044969.1	chr2	48777027	48935801	158774	3	0.231	0.231	gene-LOC119765919	gene-LOC6047667	331	1
Cx_molestus	Cx_pipiens	CM044969.1	chr2	53910240	54308284	398044	6	0.255	0.257	gene-LOC6050443	gene-LOC6054473	85	3
Cx_molestus	Cx_pipiens	CM044969.1	chr2	69825713	70083357	257644	4	0.33	0.332	gene-LOC119765683	gene-LOC6040786	228	2
Cx_molestus	Cx_pipiens	CM044969.1	chr2	73301110	73523083	221973	3	0.347	0.348	gene-LOC119767771	gene-LOC6044175	332	1
Cx_molestus	Cx_pipiens	CM044969.1	chr2	79336566	79490326	153760	3	0.375	0.376	gene-LOC6043507	gene-LOC6043518	87	3
Cx_molestus	Cx_pipiens	CM044969.1	chr2	95757507	96288837	531330	3	0.453	0.456	gene-LOC119766659	gene-LOC119769605	333	1
Cx_molestus	Cx_pipiens	CM044969.1	chr2	98687949	98847145	159195	3	0.467	0.468	gene-LOC6048117	gene-LOC6034585	334	1
Cx_molestus	Cx_pipiens	CM044969.1	chr2	101706722	101818323	111600	3	0.481	0.482	gene-Trnah-gug-15	gene-LOC6031728	335	1
Cx_molestus	Cx_pipiens	CM044969.1	chr2	102387473	102489349	101875	3	0.485	0.485	gene-LOC6047546	gene-LOC119766210	336	1
Cx_molestus	Cx_pipiens	CM044969.1	chr2	108852461	109480934	628472	11	0.515	0.518	gene-LOC6045045	gene-LOC6051459	98	2
Cx_molestus	Cx_pipiens	CM044969.1	chr2	120954483	121214752	260269	7	0.572	0.574	gene-LOC6036649	gene-LOC119767323	100	3
Cx_molestus	Cx_pipiens	CM044969.1	chr2	123430706	123568329	137622	5	0.584	0.585	gene-LOC6036638	gene-LOC6036646	101	3
Cx_molestus	Cx_pipiens	CM044969.1	chr2	127288859	127802654	513794	3	0.602	0.605	gene-LOC6046331	gene-LOC119767646	337	1
Cx_molestus	Cx_pipiens	CM044969.1	chr2	138384141	138497185	113044	6	0.655	0.656	gene-LOC6031744	gene-LOC119767379	338	1
Cx_molestus	Cx_pipiens	CM044969.1	chr2	145497091	145903519	406428	15	0.689	0.691	gene-LOC6043713	gene-LOC6052522	103	3
Cx_molestus	Cx_pipiens	CM044969.1	chr2	145927530	146053864	126333	13	0.691	0.691	gene-LOC6048403	gene-LOC119770392	339	1
Cx_molestus	Cx_pipiens	CM044969.1	chr2	152769571	153153700	384129	3	0.723	0.725	gene-LOC119766379	gene-LOC119765949	340	1
Cx_molestus	Cx_pipiens	CM044969.1	chr2	156538107	156871903	333796	4	0.741	0.743	gene-LOC6053717	gene-LOC6048000	105	3
Cx_molestus	Cx_pipiens	CM044969.1	chr2	178035190	178686228	651038	11	0.843	0.846	gene-LOC6045669	gene-LOC6031916	107	3
Cx_molestus	Cx_pipiens	CM044969.1	chr2	184303475	184446373	142898	3	0.872	0.873	gene-LOC6049054	gene-Trnap-agg-12	341	1
Cx_molestus	Cx_pipiens	CM044969.1	chr2	184932995	185167772	234776	3	0.875	0.877	gene-LOC6049441	gene-Trnav-aac-33	342	1
Cx_molestus	Cx_pipiens	CM044969.1	chr2	185514942	185863429	348487	10	0.878	0.88	gene-LOC6036123	gene-Trnae-cuc-8	108	3
Cx_molestus	Cx_pipiens	CM044969.1	chr2	186462960	186683303	220343	3	0.883	0.884	gene-LOC6036135	gene-Trnaa-agc-4	343	1
Cx_molestus	Cx_pipiens	CM044969.1	chr2	194301618	194442581	140962	3	0.92	0.92	gene-LOC6053936	gene-LOC6053318	344	1
Cx_molestus	Cx_pipiens	CM044969.1	chr2	202877548	203083219	205671	12	0.96	0.961	gene-LOC6036028	gene-LOC6036012	110	3
Cx_molestus	Cx_pipiens	CM044969.1	chr2	206872080	207024311	152231	4	0.979	0.98	gene-Trnak-cuu-20	gene-Trnap-ugg-15	345	1
Cx_molestus	Cx_pipiens	CM044969.1	chr2	207773632	207991148	217516	3	0.984	0.985	gene-LOC6036318	gene-LOC119766718	346	1
Cx_molestus	Cx_pipiens	CM044970.1	chr3	7949122	8156254	207132	13	0.039	0.04	gene-LOC6047868	gene-LOC6031060	153	3
Cx_molestus	Cx_pipiens	CM044970.1	chr3	10963565	11136251	172686	7	0.054	0.055	gene-LOC6044724	gene-LOC6031054	111	3
Cx_molestus	Cx_pipiens	CM044970.1	chr3	29917916	30019942	102026	6	0.149	0.149	gene-LOC119768637	gene-LOC119765960	149	2
Cx_molestus	Cx_pipiens	CM044970.1	chr3	31946078	32203611	257533	3	0.159	0.16	gene-LOC6046209	gene-LOC6047478	347	1
Cx_molestus	Cx_pipiens	CM044970.1	chr3	38374819	38683511	308691	3	0.191	0.192	gene-LOC119765910	gene-LOC6036601	348	1
Cx_molestus	Cx_pipiens	CM044970.1	chr3	41048048	41600501	552452	17	0.204	0.207	gene-LOC119769429	gene-LOC119767860	152	3
Cx_molestus	Cx_pipiens	CM044970.1	chr3	50839054	51088835	249781	3	0.253	0.254	gene-LOC119769045	gene-LOC6037148	349	1
Cx_molestus	Cx_pipiens	CM044970.1	chr3	52055688	52333184	277496	3	0.259	0.26	gene-LOC119765383	gene-LOC119769647	350	1
Cx_molestus	Cx_pipiens	CM044970.1	chr3	52843175	53035874	192699	4	0.263	0.264	gene-LOC119770052	gene-LOC6044948	351	1
Cx_molestus	Cx_pipiens	CM044970.1	chr3	60233085	60478043	244958	6	0.3	0.301	gene-LOC119770797	gene-LOC6033545	148	3
Cx_molestus	Cx_pipiens	CM044970.1	chr3	66910216	67586163	675946	15	0.333	0.336	gene-LOC119769958	gene-LOC6035473	244	2
Cx_molestus	Cx_pipiens	CM044970.1	chr3	67590491	67979138	388647	18	0.336	0.338	gene-LOC119767855	gene-LOC6036112	143	3
Cx_molestus	Cx_pipiens	CM044970.1	chr3	68080965	68364119	283154	9	0.339	0.34	gene-LOC119768599	gene-LOC6039413	144	3
Cx_molestus	Cx_pipiens	CM044970.1	chr3	68589690	68971448	381757	7	0.341	0.343	gene-LOC6047744	gene-LOC6036548	142	3
Cx_molestus	Cx_pipiens	CM044970.1	chr3	80887754	81020909	133154	6	0.402	0.403	gene-LOC6040344	gene-LOC6048454	352	1
Cx_molestus	Cx_pipiens	CM044970.1	chr3	81058959	81194700	135741	7	0.403	0.404	gene-LOC6045504	gene-LOC6044903	138	3
Cx_molestus	Cx_pipiens	CM044970.1	chr3	85149409	85399024	249615	10	0.424	0.425	gene-LOC6035594	gene-LOC6035609	137	3
Cx_molestus	Cx_pipiens	CM044970.1	chr3	99201533	99757461	555928	4	0.494	0.496	gene-LOC119767357	gene-LOC6052979	353	1
Cx_molestus	Cx_pipiens	CM044970.1	chr3	100774637	101052835	278197	3	0.501	0.503	gene-LOC119770139	gene-LOC6054010	354	1
Cx_molestus	Cx_pipiens	CM044970.1	chr3	101470235	101806966	336731	5	0.505	0.507	gene-LOC119770154	gene-LOC119768102	355	1
Cx_molestus	Cx_pipiens	CM044970.1	chr3	103952098	104208579	256481	5	0.517	0.519	gene-LOC119769435	gene-LOC119770026	356	1
Cx_molestus	Cx_pipiens	CM044970.1	chr3	104411069	105684001	1272932	4	0.52	0.526	gene-LOC119768741	gene-LOC119770514	357	1
Cx_molestus	Cx_pipiens	CM044970.1	chr3	106467435	106619514	152078	7	0.53	0.531	gene-LOC6049508	gene-LOC119766681	358	1
Cx_molestus	Cx_pipiens	CM044970.1	chr3	106981147	107178850	197702	4	0.532	0.533	gene-LOC119769144	gene-LOC6045760	359	1
Cx_molestus	Cx_pipiens	CM044970.1	chr3	107467497	107570907	103410	4	0.535	0.535	gene-LOC119769546	gene-LOC119765138	360	1
Cx_molestus	Cx_pipiens	CM044970.1	chr3	107754613	107872652	118038	3	0.536	0.537	gene-LOC119766235	gene-LOC119769455	361	1
Cx_molestus	Cx_pipiens	CM044970.1	chr3	108065121	108247727	182606	7	0.538	0.539	gene-LOC119765201	gene-LOC119769161	362	1
Cx_molestus	Cx_pipiens	CM044970.1	chr3	109469619	109626248	156629	7	0.545	0.545	gene-LOC119770216	gene-LOC119769338	363	1
Cx_molestus	Cx_pipiens	CM044970.1	chr3	110490353	111144864	654511	3	0.55	0.553	gene-LOC6039236	gene-LOC119766575	364	1
Cx_molestus	Cx_pipiens	CM044970.1	chr3	114264669	114482318	217649	5	0.569	0.57	gene-LOC119766313	gene-LOC119769067	365	1
Cx_molestus	Cx_pipiens	CM044970.1	chr3	115042569	115200599	158029	3	0.572	0.573	gene-LOC119767881	gene-LOC119766709	366	1
Cx_molestus	Cx_pipiens	CM044970.1	chr3	116282468	116469894	187426	3	0.579	0.58	gene-LOC6047272	gene-LOC6047278	367	1
Cx_molestus	Cx_pipiens	CM044970.1	chr3	116643605	116931520	287915	3	0.58	0.582	gene-LOC119769434	gene-LOC6052895	124	2
Cx_molestus	Cx_pipiens	CM044970.1	chr3	117132967	117353909	220942	3	0.583	0.584	gene-LOC119770811	gene-LOC119770447	368	1
Cx_molestus	Cx_pipiens	CM044970.1	chr3	120109497	120230480	120983	4	0.598	0.598	gene-LOC6038971	gene-LOC6034010	369	1
Cx_molestus	Cx_pipiens	CM044970.1	chr3	127417740	127651493	233753	9	0.634	0.635	gene-LOC6035409	gene-LOC119766092	370	1
Cx_molestus	Cx_pipiens	CM044970.1	chr3	127663946	127824039	160093	9	0.635	0.636	gene-LOC6039218	gene-LOC6039207	118	3
Cx_molestus	Cx_pipiens	CM044970.1	chr3	127830861	128327895	497034	14	0.636	0.639	gene-LOC6039215	gene-LOC6032732	119	3
Cx_molestus	Cx_pipiens	CM044970.1	chr3	128342132	128728779	386646	6	0.639	0.641	gene-LOC119770239	gene-LOC6032741	120	2
Cx_molestus	Cx_pipiens	CM044970.1	chr3	152571411	152778710	207299	3	0.759	0.76	gene-LOC6036925	gene-LOC119769021	371	1
Cx_molestus	Cx_pipiens	CM044970.1	chr3	153329489	153476772	147282	3	0.763	0.764	gene-LOC6052037	gene-LOC119770177	372	1
Cx_molestus	Cx_pipiens	CM044970.1	chr3	154725882	154871118	145235	4	0.77	0.771	gene-LOC6045143	gene-LOC6045138	114	3
Cx_molestus	Cx_pipiens	CM044970.1	chr3	155179664	155304290	124625	3	0.772	0.773	gene-LOC119768692	gene-LOC119766288	373	1
Cx_molestus	Cx_pipiens	CM044970.1	chr3	157268250	157479377	211127	3	0.783	0.784	gene-LOC6039141	gene-LOC6045456	115	3
Cx_molestus	Cx_pipiens	CM044970.1	chr3	159081465	159205354	123888	3	0.792	0.792	gene-LOC6047732	gene-LOC119770627	374	1
Cx_molestus	Cx_pipiens	CM044970.1	chr3	160907033	161455228	548194	6	0.801	0.803	gene-LOC6049643	gene-LOC6054578	253	2
Cx_molestus	Cx_pipiens	CM044970.1	chr3	167065408	167186686	121278	6	0.831	0.832	gene-LOC119768690	gene-LOC6039483	375	1
Cx_molestus	Cx_pipiens	CM044970.1	chr3	168771274	168950899	179625	3	0.84	0.841	gene-LOC119770406	gene-LOC119766917	376	1
Cx_molestus	Cx_pipiens	CM044970.1	chr3	200411807	200588476	176668	5	0.997	0.998	gene-LOC6046088	gene-LOC119766586	377	1
Cx_molestus	Cx_pipiens	CM044970.1	chr3	200589421	200835413	245992	10	0.998	0.999	gene-LOC6035724	gene-LOC6036201	146	3
Cx_molestus	Cx_pipiens	CM044968.1	chr1	882853	1399089	516236	3	0.0	0.004	gene-LOC119766515	gene-LOC6032101	378	1
Cx_molestus	Cx_pipiens	CM044968.1	chr1	3431353	3610340	178987	6	0.022	0.023	gene-LOC6035180	gene-LOC6035169	155	3
Cx_molestus	Cx_pipiens	CM044968.1	chr1	13293022	13796655	503633	4	0.106	0.11	gene-LOC119766924	gene-LOC119765039	324	2
Cx_molestus	Cx_pipiens	CM044968.1	chr1	27435547	27892236	456689	5	0.226	0.23	gene-LOC119769347	gene-LOC6050504	156	3
Cx_molestus	Cx_pipiens	CM044968.1	chr1	28750595	29161739	411144	3	0.238	0.241	gene-LOC119767131	gene-LOC6042017	379	1
Cx_molestus	Cx_pipiens	CM044968.1	chr1	29698017	29911806	213789	11	0.246	0.247	gene-LOC119766382	gene-LOC6037321	205	3
Cx_molestus	Cx_pipiens	CM044968.1	chr1	37149383	37519254	369871	3	0.309	0.312	gene-LOC6044841	gene-LOC119769789	380	1
Cx_molestus	Cx_pipiens	CM044968.1	chr1	39829305	39968614	139309	8	0.332	0.333	gene-LOC6040685	gene-LOC6040701	40	3
Cx_molestus	Cx_pipiens	CM044968.1	chr1	43905413	44166413	261000	3	0.367	0.369	gene-LOC6035133	gene-LOC6033710	381	1
Cx_molestus	Cx_pipiens	CM044968.1	chr1	47012545	47331462	318917	3	0.393	0.396	gene-LOC119766892	gene-LOC6035513	382	1
Cx_molestus	Cx_pipiens	CM044968.1	chr1	49223714	49493156	269442	3	0.412	0.414	gene-LOC119769168	gene-LOC6034954	383	1
Cx_molestus	Cx_pipiens	CM044968.1	chr1	50520132	50749447	229315	3	0.423	0.425	gene-LOC119765403	gene-LOC119771168	384	1
Cx_molestus	Cx_pipiens	CM044968.1	chr1	51912323	52013669	101345	3	0.435	0.436	gene-LOC6034737	gene-LOC6034740	385	1
Cx_molestus	Cx_pipiens	CM044968.1	chr1	55323313	55487383	164070	20	0.464	0.465	gene-LOC6034741	gene-LOC6034803	169	3
Cx_molestus	Cx_pipiens	CM044968.1	chr1	56897172	57222059	324886	3	0.478	0.48	gene-LOC6044476	gene-LOC6053612	386	1
Cx_molestus	Cx_pipiens	CM044968.1	chr1	57576667	57732313	155646	3	0.483	0.485	gene-LOC119769120	gene-LOC6035363	387	1
Cx_molestus	Cx_pipiens	CM044968.1	chr1	61777761	61914740	136978	3	0.519	0.52	gene-LOC119769283	gene-LOC6038636	388	1
Cx_molestus	Cx_pipiens	CM044968.1	chr1	64221640	64623275	401635	5	0.54	0.543	gene-LOC119770467	gene-LOC119768876	177	3
Cx_molestus	Cx_pipiens	CM044968.1	chr1	71501912	71610378	108466	3	0.602	0.603	gene-LOC6045381	gene-LOC119765636	389	1
Cx_molestus	Cx_pipiens	CM044968.1	chr1	73815736	74340839	525103	6	0.622	0.626	gene-LOC6046383	gene-LOC119765345	179	3
Cx_molestus	Cx_pipiens	CM044968.1	chr1	74638556	75128371	489814	4	0.629	0.633	gene-LOC6051353	gene-LOC119770554	390	1
Cx_molestus	Cx_pipiens	CM044968.1	chr1	98870366	98994107	123741	3	0.835	0.836	gene-LOC119765144	gene-Trnai-aau-18	391	1
Cx_molestus	Cx_pipiens	CM044968.1	chr1	110087582	110347372	259789	3	0.931	0.933	gene-LOC119771137	gene-LOC119768584	392	1
