cluster	n_inversions	n_pairs	chromosomes	max_span_bp	genome_in_every_pair	any_at_least_large_span	pairs	members
1	3	3	chr2	477479	Cx_pallens	False	Cx_pallens_vs_Cx_molestus;Cx_pallens_vs_Cx_pipiens;Cx_quinquefasciatus_vs_Cx_pallens	Cx_quinquefasciatus_vs_Cx_pallens:NC_051862.1:8960193-9437673;Cx_pallens_vs_Cx_molestus:NC_068938.1:214417624-214787771;Cx_pallens_vs_Cx_pipiens:NC_068938.1:214417624-214605264
2	1	1	chr2	121001		False	Cx_quinquefasciatus_vs_Cx_pallens	Cx_quinquefasciatus_vs_Cx_pallens:NC_051862.1:18311823-18432824
3	2	2	chr2	370096	Cx_pallens	False	Cx_pallens_vs_Cx_molestus;Cx_quinquefasciatus_vs_Cx_pallens	Cx_quinquefasciatus_vs_Cx_pallens:NC_051862.1:27702505-28072601;Cx_pallens_vs_Cx_molestus:NC_068938.1:163827681-163985207
4	3	3	chr2	122974	Cx_pallens	False	Cx_pallens_vs_Cx_molestus;Cx_pallens_vs_Cx_pipiens;Cx_quinquefasciatus_vs_Cx_pallens	Cx_quinquefasciatus_vs_Cx_pallens:NC_051862.1:31418051-31541025;Cx_pallens_vs_Cx_molestus:NC_068938.1:192275597-192393700;Cx_pallens_vs_Cx_pipiens:NC_068938.1:192275597-192393700
5	1	1	chr2	165225		False	Cx_quinquefasciatus_vs_Cx_pallens	Cx_quinquefasciatus_vs_Cx_pallens:NC_051862.1:45284720-45449945
6	2	2	chr2	125476	Cx_quinquefasciatus	False	Cx_quinquefasciatus_vs_Cx_pallens;Cx_quinquefasciatus_vs_Cx_pipiens	Cx_quinquefasciatus_vs_Cx_pallens:NC_051862.1:47622216-47741376;Cx_quinquefasciatus_vs_Cx_pipiens:NC_051862.1:47615899-47741376
7	1	1	chr2	248678		False	Cx_quinquefasciatus_vs_Cx_pallens	Cx_quinquefasciatus_vs_Cx_pallens:NC_051862.1:52393496-52642174
8	1	1	chr2	135203		False	Cx_quinquefasciatus_vs_Cx_pallens	Cx_quinquefasciatus_vs_Cx_pallens:NC_051862.1:55621646-55756850
9	3	3	chr2	395589	Cx_pallens	False	Cx_pallens_vs_Cx_molestus;Cx_pallens_vs_Cx_pipiens;Cx_quinquefasciatus_vs_Cx_pallens	Cx_quinquefasciatus_vs_Cx_pallens:NC_051862.1:58508340-58767425;Cx_pallens_vs_Cx_molestus:NC_068938.1:162458703-162721365;Cx_pallens_vs_Cx_pipiens:NC_068938.1:162458703-162854292
10	1	1	chr2	348176		False	Cx_quinquefasciatus_vs_Cx_pallens	Cx_quinquefasciatus_vs_Cx_pallens:NC_051862.1:58996722-59344898
11	3	3	chr2	366568	Cx_pallens	False	Cx_pallens_vs_Cx_molestus;Cx_pallens_vs_Cx_pipiens;Cx_quinquefasciatus_vs_Cx_pallens	Cx_quinquefasciatus_vs_Cx_pallens:NC_051862.1:62627758-62755675;Cx_pallens_vs_Cx_molestus:NC_068938.1:158005250-158371818;Cx_pallens_vs_Cx_pipiens:NC_068938.1:158005250-158371818
12	1	1	chr2	265162		False	Cx_quinquefasciatus_vs_Cx_pallens	Cx_quinquefasciatus_vs_Cx_pallens:NC_051862.1:63773108-64038270
13	1	1	chr2	139145		False	Cx_quinquefasciatus_vs_Cx_pallens	Cx_quinquefasciatus_vs_Cx_pallens:NC_051862.1:64129334-64268480
14	1	1	chr2	188821		False	Cx_quinquefasciatus_vs_Cx_pallens	Cx_quinquefasciatus_vs_Cx_pallens:NC_051862.1:74007441-74196262
15	1	1	chr2	131602		False	Cx_quinquefasciatus_vs_Cx_pallens	Cx_quinquefasciatus_vs_Cx_pallens:NC_051862.1:76293912-76425514
16	1	1	chr2	1022888		True	Cx_quinquefasciatus_vs_Cx_pallens	Cx_quinquefasciatus_vs_Cx_pallens:NC_051862.1:103689997-104712885
17	1	1	chr2	277219		False	Cx_quinquefasciatus_vs_Cx_pallens	Cx_quinquefasciatus_vs_Cx_pallens:NC_051862.1:109831260-110108479
18	1	1	chr2	452804		False	Cx_quinquefasciatus_vs_Cx_pallens	Cx_quinquefasciatus_vs_Cx_pallens:NC_051862.1:113682849-114135654
19	1	1	chr2	113916		False	Cx_quinquefasciatus_vs_Cx_pallens	Cx_quinquefasciatus_vs_Cx_pallens:NC_051862.1:114316993-114430909
20	1	1	chr2	278657		False	Cx_quinquefasciatus_vs_Cx_pallens	Cx_quinquefasciatus_vs_Cx_pallens:NC_051862.1:125998723-126277380
21	1	1	chr2	136204		False	Cx_quinquefasciatus_vs_Cx_pallens	Cx_quinquefasciatus_vs_Cx_pallens:NC_051862.1:148455818-148592023
22	1	1	chr2	197132		False	Cx_quinquefasciatus_vs_Cx_pallens	Cx_quinquefasciatus_vs_Cx_pallens:NC_051862.1:164266994-164464126
23	1	1	chr2	126209		False	Cx_quinquefasciatus_vs_Cx_pallens	Cx_quinquefasciatus_vs_Cx_pallens:NC_051862.1:164534201-164660410
24	2	2	chr2	161568	Cx_quinquefasciatus	False	Cx_quinquefasciatus_vs_Cx_pallens;Cx_quinquefasciatus_vs_Cx_pipiens	Cx_quinquefasciatus_vs_Cx_pallens:NC_051862.1:209608010-209769578;Cx_quinquefasciatus_vs_Cx_pipiens:NC_051862.1:209592838-209701593
25	2	2	chr2	113938	Cx_quinquefasciatus	False	Cx_quinquefasciatus_vs_Cx_molestus;Cx_quinquefasciatus_vs_Cx_pallens	Cx_quinquefasciatus_vs_Cx_pallens:NC_051862.1:211533447-211647385;Cx_quinquefasciatus_vs_Cx_molestus:NC_051862.1:211533447-211647385
26	1	1	chr2	233295		False	Cx_quinquefasciatus_vs_Cx_pallens	Cx_quinquefasciatus_vs_Cx_pallens:NC_051862.1:216885186-217118481
27	1	1	chr3	158425		False	Cx_quinquefasciatus_vs_Cx_pallens	Cx_quinquefasciatus_vs_Cx_pallens:NC_051863.1:32261535-32419960
28	2	2	chr3	127757	Cx_quinquefasciatus	False	Cx_quinquefasciatus_vs_Cx_molestus;Cx_quinquefasciatus_vs_Cx_pallens	Cx_quinquefasciatus_vs_Cx_pallens:NC_051863.1:59006210-59133967;Cx_quinquefasciatus_vs_Cx_molestus:NC_051863.1:59006210-59133967
29	1	1	chr3	271220		False	Cx_quinquefasciatus_vs_Cx_pallens	Cx_quinquefasciatus_vs_Cx_pallens:NC_051863.1:70705942-70977162
30	1	1	chr3	555185		False	Cx_quinquefasciatus_vs_Cx_pallens	Cx_quinquefasciatus_vs_Cx_pallens:NC_051863.1:84227710-84782895
31	1	1	chr3	232139		False	Cx_quinquefasciatus_vs_Cx_pallens	Cx_quinquefasciatus_vs_Cx_pallens:NC_051863.1:85389435-85621575
32	1	1	chr3	230877		False	Cx_quinquefasciatus_vs_Cx_pallens	Cx_quinquefasciatus_vs_Cx_pallens:NC_051863.1:88084627-88315505
33	1	1	chr3	1506935		True	Cx_quinquefasciatus_vs_Cx_pallens	Cx_quinquefasciatus_vs_Cx_pallens:NC_051863.1:100047397-101554333
34	1	1	chr3	867055		False	Cx_quinquefasciatus_vs_Cx_pallens	Cx_quinquefasciatus_vs_Cx_pallens:NC_051863.1:102936771-103803827
35	1	1	chr3	155906		False	Cx_quinquefasciatus_vs_Cx_pallens	Cx_quinquefasciatus_vs_Cx_pallens:NC_051863.1:122092840-122248746
36	1	1	chr3	319436		False	Cx_quinquefasciatus_vs_Cx_pallens	Cx_quinquefasciatus_vs_Cx_pallens:NC_051863.1:178234366-178553802
37	2	2	chr3	179703	Cx_quinquefasciatus	False	Cx_quinquefasciatus_vs_Cx_pallens;Cx_quinquefasciatus_vs_Cx_pipiens	Cx_quinquefasciatus_vs_Cx_pallens:NC_051863.1:182822731-183002434;Cx_quinquefasciatus_vs_Cx_pipiens:NC_051863.1:182822731-182999401
38	3	3	chr1	286570	Cx_pallens	False	Cx_pallens_vs_Cx_molestus;Cx_pallens_vs_Cx_pipiens;Cx_quinquefasciatus_vs_Cx_pallens	Cx_quinquefasciatus_vs_Cx_pallens:NC_051861.1:16621291-16907861;Cx_pallens_vs_Cx_molestus:NC_068937.1:121788914-122032218;Cx_pallens_vs_Cx_pipiens:NC_068937.1:121788914-122032218
39	3	3	chr1	169190	Cx_pallens	False	Cx_pallens_vs_Cx_molestus;Cx_pallens_vs_Cx_pipiens;Cx_quinquefasciatus_vs_Cx_pallens	Cx_quinquefasciatus_vs_Cx_pallens:NC_051861.1:28098348-28267539;Cx_pallens_vs_Cx_molestus:NC_068937.1:90635264-90776003;Cx_pallens_vs_Cx_pipiens:NC_068937.1:90635264-90771677
40	3	3	chr1	139309	none	False	Cx_molestus_vs_Cx_pipiens;Cx_quinquefasciatus_vs_Cx_molestus;Cx_quinquefasciatus_vs_Cx_pallens	Cx_quinquefasciatus_vs_Cx_pallens:NC_051861.1:29004716-29141675;Cx_quinquefasciatus_vs_Cx_molestus:NC_051861.1:29004716-29141675;Cx_molestus_vs_Cx_pipiens:CM044968.1:39829305-39968614
41	1	1	chr1	528035		False	Cx_quinquefasciatus_vs_Cx_pallens	Cx_quinquefasciatus_vs_Cx_pallens:NC_051861.1:29158315-29686351
42	3	3	chr1	1075681	Cx_quinquefasciatus	True	Cx_quinquefasciatus_vs_Cx_molestus;Cx_quinquefasciatus_vs_Cx_pallens;Cx_quinquefasciatus_vs_Cx_pipiens	Cx_quinquefasciatus_vs_Cx_pallens:NC_051861.1:29828253-30865272;Cx_quinquefasciatus_vs_Cx_molestus:NC_051861.1:30543825-31619506;Cx_quinquefasciatus_vs_Cx_pipiens:NC_051861.1:30543825-31619506
43	1	1	chr1	647275		False	Cx_quinquefasciatus_vs_Cx_pallens	Cx_quinquefasciatus_vs_Cx_pallens:NC_051861.1:30972231-31619506
44	2	2	chr1	127325	Cx_quinquefasciatus	False	Cx_quinquefasciatus_vs_Cx_molestus;Cx_quinquefasciatus_vs_Cx_pallens	Cx_quinquefasciatus_vs_Cx_pallens:NC_051861.1:31718804-31842378;Cx_quinquefasciatus_vs_Cx_molestus:NC_051861.1:31725327-31852652
45	3	3	chr1	771919	Cx_quinquefasciatus	False	Cx_quinquefasciatus_vs_Cx_molestus;Cx_quinquefasciatus_vs_Cx_pallens;Cx_quinquefasciatus_vs_Cx_pipiens	Cx_quinquefasciatus_vs_Cx_pallens:NC_051861.1:31854510-32599801;Cx_quinquefasciatus_vs_Cx_molestus:NC_051861.1:31878299-32510140;Cx_quinquefasciatus_vs_Cx_pipiens:NC_051861.1:31854510-32626429
46	3	3	chr1	799993	Cx_quinquefasciatus	False	Cx_quinquefasciatus_vs_Cx_molestus;Cx_quinquefasciatus_vs_Cx_pallens;Cx_quinquefasciatus_vs_Cx_pipiens	Cx_quinquefasciatus_vs_Cx_pallens:NC_051861.1:32613049-33413042;Cx_quinquefasciatus_vs_Cx_molestus:NC_051861.1:32613049-33304561;Cx_quinquefasciatus_vs_Cx_pipiens:NC_051861.1:32709495-33304561
47	1	1	chr1	118123		False	Cx_quinquefasciatus_vs_Cx_pallens	Cx_quinquefasciatus_vs_Cx_pallens:NC_051861.1:33596433-33714556
48	3	3	chr1	1421135	Cx_quinquefasciatus	True	Cx_quinquefasciatus_vs_Cx_molestus;Cx_quinquefasciatus_vs_Cx_pallens;Cx_quinquefasciatus_vs_Cx_pipiens	Cx_quinquefasciatus_vs_Cx_pallens:NC_051861.1:33715596-33991185;Cx_quinquefasciatus_vs_Cx_molestus:NC_051861.1:33596433-33991185;Cx_quinquefasciatus_vs_Cx_pipiens:NC_051861.1:33596433-35017568
49	2	2	chr1	740360	Cx_quinquefasciatus	False	Cx_quinquefasciatus_vs_Cx_molestus;Cx_quinquefasciatus_vs_Cx_pallens	Cx_quinquefasciatus_vs_Cx_pallens:NC_051861.1:34277208-35017568;Cx_quinquefasciatus_vs_Cx_molestus:NC_051861.1:34799277-34954048
50	3	3	chr1	218274	Cx_quinquefasciatus	False	Cx_quinquefasciatus_vs_Cx_molestus;Cx_quinquefasciatus_vs_Cx_pallens;Cx_quinquefasciatus_vs_Cx_pipiens	Cx_quinquefasciatus_vs_Cx_pallens:NC_051861.1:35050808-35258742;Cx_quinquefasciatus_vs_Cx_molestus:NC_051861.1:35041960-35260235;Cx_quinquefasciatus_vs_Cx_pipiens:NC_051861.1:35041960-35258742
51	2	2	chr1	1457410	Cx_quinquefasciatus	True	Cx_quinquefasciatus_vs_Cx_pallens;Cx_quinquefasciatus_vs_Cx_pipiens	Cx_quinquefasciatus_vs_Cx_pallens:NC_051861.1:35260235-36717645;Cx_quinquefasciatus_vs_Cx_pipiens:NC_051861.1:35260235-36055180
52	1	1	chr1	1272260		True	Cx_quinquefasciatus_vs_Cx_pallens	Cx_quinquefasciatus_vs_Cx_pallens:NC_051861.1:36743764-38016024
53	1	1	chr1	962271		False	Cx_quinquefasciatus_vs_Cx_pallens	Cx_quinquefasciatus_vs_Cx_pallens:NC_051861.1:38307149-39269420
54	1	1	chr1	1814500		True	Cx_quinquefasciatus_vs_Cx_pallens	Cx_quinquefasciatus_vs_Cx_pallens:NC_051861.1:39411371-41225871
55	3	3	chr1	474925	Cx_pallens	False	Cx_pallens_vs_Cx_molestus;Cx_pallens_vs_Cx_pipiens;Cx_quinquefasciatus_vs_Cx_pallens	Cx_quinquefasciatus_vs_Cx_pallens:NC_051861.1:41467541-41942466;Cx_pallens_vs_Cx_molestus:NC_068937.1:103631488-104031452;Cx_pallens_vs_Cx_pipiens:NC_068937.1:103631488-104031452
56	3	3	chr1	1494413	Cx_pallens	True	Cx_pallens_vs_Cx_molestus;Cx_pallens_vs_Cx_pipiens;Cx_quinquefasciatus_vs_Cx_pallens	Cx_quinquefasciatus_vs_Cx_pallens:NC_051861.1:42047558-43541971;Cx_pallens_vs_Cx_molestus:NC_068937.1:104870963-105562082;Cx_pallens_vs_Cx_pipiens:NC_068937.1:104271592-105573157
57	3	3	chr1	468467	Cx_pallens	False	Cx_pallens_vs_Cx_molestus;Cx_pallens_vs_Cx_pipiens;Cx_quinquefasciatus_vs_Cx_pallens	Cx_quinquefasciatus_vs_Cx_pallens:NC_051861.1:43574478-43752759;Cx_pallens_vs_Cx_molestus:NC_068937.1:105573157-106041625;Cx_pallens_vs_Cx_pipiens:NC_068937.1:105598183-105819784
58	1	1	chr1	132381		False	Cx_quinquefasciatus_vs_Cx_pallens	Cx_quinquefasciatus_vs_Cx_pallens:NC_051861.1:43769441-43901822
59	1	1	chr1	204225		False	Cx_quinquefasciatus_vs_Cx_pallens	Cx_quinquefasciatus_vs_Cx_pallens:NC_051861.1:43913314-44117539
60	3	3	chr1	1660442	Cx_pallens	True	Cx_pallens_vs_Cx_molestus;Cx_pallens_vs_Cx_pipiens;Cx_quinquefasciatus_vs_Cx_pallens	Cx_quinquefasciatus_vs_Cx_pallens:NC_051861.1:44529957-45445266;Cx_pallens_vs_Cx_molestus:NC_068937.1:106181270-107445133;Cx_pallens_vs_Cx_pipiens:NC_068937.1:106107520-107767962
61	1	1	chr1	472359		False	Cx_quinquefasciatus_vs_Cx_pallens	Cx_quinquefasciatus_vs_Cx_pallens:NC_051861.1:45454387-45926746
62	1	1	chr1	651801		False	Cx_quinquefasciatus_vs_Cx_pallens	Cx_quinquefasciatus_vs_Cx_pallens:NC_051861.1:46100548-46752350
63	1	1	chr1	623191		False	Cx_quinquefasciatus_vs_Cx_pallens	Cx_quinquefasciatus_vs_Cx_pallens:NC_051861.1:46966586-47589777
64	1	1	chr1	376319		False	Cx_quinquefasciatus_vs_Cx_pallens	Cx_quinquefasciatus_vs_Cx_pallens:NC_051861.1:47772761-48149080
65	3	3	chr1	1054735	Cx_pallens	True	Cx_pallens_vs_Cx_molestus;Cx_pallens_vs_Cx_pipiens;Cx_quinquefasciatus_vs_Cx_pallens	Cx_quinquefasciatus_vs_Cx_pallens:NC_051861.1:48226319-49281054;Cx_pallens_vs_Cx_molestus:NC_068937.1:109859790-110581566;Cx_pallens_vs_Cx_pipiens:NC_068937.1:109597941-110037275
66	1	1	chr1	160806		False	Cx_quinquefasciatus_vs_Cx_pallens	Cx_quinquefasciatus_vs_Cx_pallens:NC_051861.1:49703286-49864092
67	1	1	chr1	277453		False	Cx_quinquefasciatus_vs_Cx_pallens	Cx_quinquefasciatus_vs_Cx_pallens:NC_051861.1:52638607-52916060
68	1	1	chr1	229339		False	Cx_quinquefasciatus_vs_Cx_pallens	Cx_quinquefasciatus_vs_Cx_pallens:NC_051861.1:56565810-56795150
69	1	1	chr1	518267		False	Cx_quinquefasciatus_vs_Cx_pallens	Cx_quinquefasciatus_vs_Cx_pallens:NC_051861.1:57008242-57526509
70	1	1	chr1	561591		False	Cx_quinquefasciatus_vs_Cx_pallens	Cx_quinquefasciatus_vs_Cx_pallens:NC_051861.1:59027862-59589453
71	1	1	chr1	200952		False	Cx_quinquefasciatus_vs_Cx_pallens	Cx_quinquefasciatus_vs_Cx_pallens:NC_051861.1:61126806-61327758
72	1	1	chr1	109006		False	Cx_quinquefasciatus_vs_Cx_pallens	Cx_quinquefasciatus_vs_Cx_pallens:NC_051861.1:63483133-63592140
73	1	1	chr1	394752		False	Cx_quinquefasciatus_vs_Cx_pallens	Cx_quinquefasciatus_vs_Cx_pallens:NC_051861.1:64365701-64760453
74	1	1	chr1	106333		False	Cx_quinquefasciatus_vs_Cx_pallens	Cx_quinquefasciatus_vs_Cx_pallens:NC_051861.1:65371112-65477445
75	1	1	chr1	365261		False	Cx_quinquefasciatus_vs_Cx_pallens	Cx_quinquefasciatus_vs_Cx_pallens:NC_051861.1:65885233-66250494
76	1	1	chr1	123332		False	Cx_quinquefasciatus_vs_Cx_pallens	Cx_quinquefasciatus_vs_Cx_pallens:NC_051861.1:69712545-69835877
77	1	1	chr1	471633		False	Cx_quinquefasciatus_vs_Cx_pallens	Cx_quinquefasciatus_vs_Cx_pallens:NC_051861.1:96902075-97373708
78	3	3	chr2	252742	Cx_molestus	False	Cx_molestus_vs_Cx_pipiens;Cx_pallens_vs_Cx_molestus;Cx_quinquefasciatus_vs_Cx_molestus	Cx_quinquefasciatus_vs_Cx_molestus:NC_051862.1:12156264-12368797;Cx_pallens_vs_Cx_molestus:NC_068938.1:211473101-211679834;Cx_molestus_vs_Cx_pipiens:CM044969.1:15625912-15878654
79	3	3	chr2	737861	Cx_molestus	False	Cx_molestus_vs_Cx_pipiens;Cx_pallens_vs_Cx_molestus;Cx_quinquefasciatus_vs_Cx_molestus	Cx_quinquefasciatus_vs_Cx_molestus:NC_051862.1:37049479-37787340;Cx_pallens_vs_Cx_molestus:NC_068938.1:185636958-186315888;Cx_molestus_vs_Cx_pipiens:CM044969.1:36635527-37250228
80	2	2	chr2	578675	Cx_molestus	False	Cx_pallens_vs_Cx_molestus;Cx_quinquefasciatus_vs_Cx_molestus	Cx_quinquefasciatus_vs_Cx_molestus:NC_051862.1:45632570-45789921;Cx_pallens_vs_Cx_molestus:NC_068938.1:176953062-177531737
81	1	1	chr2	310514		False	Cx_quinquefasciatus_vs_Cx_molestus	Cx_quinquefasciatus_vs_Cx_molestus:NC_051862.1:45861280-46171794
82	3	3	chr2	264479	Cx_molestus	False	Cx_molestus_vs_Cx_pipiens;Cx_pallens_vs_Cx_molestus;Cx_quinquefasciatus_vs_Cx_molestus	Cx_quinquefasciatus_vs_Cx_molestus:NC_051862.1:47796870-48032255;Cx_pallens_vs_Cx_molestus:NC_068938.1:175101180-175365660;Cx_molestus_vs_Cx_pipiens:CM044969.1:46732158-46928465
83	1	1	chr2	423140		False	Cx_quinquefasciatus_vs_Cx_molestus	Cx_quinquefasciatus_vs_Cx_molestus:NC_051862.1:48072163-48495303
84	2	2	chr2	199035	Cx_molestus	False	Cx_pallens_vs_Cx_molestus;Cx_quinquefasciatus_vs_Cx_molestus	Cx_quinquefasciatus_vs_Cx_molestus:NC_051862.1:49478271-49677306;Cx_pallens_vs_Cx_molestus:NC_068938.1:173532106-173715954
85	3	3	chr2	398044	Cx_molestus	False	Cx_molestus_vs_Cx_pipiens;Cx_pallens_vs_Cx_molestus;Cx_quinquefasciatus_vs_Cx_molestus	Cx_quinquefasciatus_vs_Cx_molestus:NC_051862.1:54820020-54998893;Cx_pallens_vs_Cx_molestus:NC_068938.1:167856143-168052398;Cx_molestus_vs_Cx_pipiens:CM044969.1:53910240-54308284
86	2	2	chr2	140043	Cx_molestus	False	Cx_pallens_vs_Cx_molestus;Cx_quinquefasciatus_vs_Cx_molestus	Cx_quinquefasciatus_vs_Cx_molestus:NC_051862.1:68685600-68811664;Cx_pallens_vs_Cx_molestus:NC_068938.1:151730289-151870332
87	3	3	chr2	153760	Cx_molestus	False	Cx_molestus_vs_Cx_pipiens;Cx_pallens_vs_Cx_molestus;Cx_quinquefasciatus_vs_Cx_molestus	Cx_quinquefasciatus_vs_Cx_molestus:NC_051862.1:81789299-81916445;Cx_pallens_vs_Cx_molestus:NC_068938.1:137701489-137804388;Cx_molestus_vs_Cx_pipiens:CM044969.1:79336566-79490326
88	2	2	chr2	167619	Cx_molestus	False	Cx_pallens_vs_Cx_molestus;Cx_quinquefasciatus_vs_Cx_molestus	Cx_quinquefasciatus_vs_Cx_molestus:NC_051862.1:86803704-86971323;Cx_pallens_vs_Cx_molestus:NC_068938.1:132573778-132701548
89	1	1	chr2	435064		False	Cx_quinquefasciatus_vs_Cx_molestus	Cx_quinquefasciatus_vs_Cx_molestus:NC_051862.1:91332088-91767152
90	1	1	chr2	324519		False	Cx_quinquefasciatus_vs_Cx_molestus	Cx_quinquefasciatus_vs_Cx_molestus:NC_051862.1:101502655-101827174
91	1	1	chr2	433786		False	Cx_quinquefasciatus_vs_Cx_molestus	Cx_quinquefasciatus_vs_Cx_molestus:NC_051862.1:106521098-106954884
92	1	1	chr2	367254		False	Cx_quinquefasciatus_vs_Cx_molestus	Cx_quinquefasciatus_vs_Cx_molestus:NC_051862.1:106956342-107323596
93	1	1	chr2	577331		False	Cx_quinquefasciatus_vs_Cx_molestus	Cx_quinquefasciatus_vs_Cx_molestus:NC_051862.1:107482759-108060090
94	1	1	chr2	395415		False	Cx_quinquefasciatus_vs_Cx_molestus	Cx_quinquefasciatus_vs_Cx_molestus:NC_051862.1:108186657-108582073
95	1	1	chr2	254946		False	Cx_quinquefasciatus_vs_Cx_molestus	Cx_quinquefasciatus_vs_Cx_molestus:NC_051862.1:108649861-108904807
96	1	1	chr2	434204		False	Cx_quinquefasciatus_vs_Cx_molestus	Cx_quinquefasciatus_vs_Cx_molestus:NC_051862.1:109179358-109613562
97	1	1	chr2	363159		False	Cx_quinquefasciatus_vs_Cx_molestus	Cx_quinquefasciatus_vs_Cx_molestus:NC_051862.1:113122919-113486078
98	2	2	chr2	628472	Cx_molestus	False	Cx_molestus_vs_Cx_pipiens;Cx_quinquefasciatus_vs_Cx_molestus	Cx_quinquefasciatus_vs_Cx_molestus:NC_051862.1:124641270-124977486;Cx_molestus_vs_Cx_pipiens:CM044969.1:108852461-109480934
99	1	1	chr2	250565		False	Cx_quinquefasciatus_vs_Cx_molestus	Cx_quinquefasciatus_vs_Cx_molestus:NC_051862.1:133097664-133348230
100	3	3	chr2	260269	Cx_molestus	False	Cx_molestus_vs_Cx_pipiens;Cx_pallens_vs_Cx_molestus;Cx_quinquefasciatus_vs_Cx_molestus	Cx_quinquefasciatus_vs_Cx_molestus:NC_051862.1:138647552-138750520;Cx_pallens_vs_Cx_molestus:NC_068938.1:94091816-94218047;Cx_molestus_vs_Cx_pipiens:CM044969.1:120954483-121214752
101	3	3	chr2	159756	Cx_molestus	False	Cx_molestus_vs_Cx_pipiens;Cx_pallens_vs_Cx_molestus;Cx_quinquefasciatus_vs_Cx_molestus	Cx_quinquefasciatus_vs_Cx_molestus:NC_051862.1:138795437-138955194;Cx_pallens_vs_Cx_molestus:NC_068938.1:93922911-94046289;Cx_molestus_vs_Cx_pipiens:CM044969.1:123430706-123568329
102	1	1	chr2	488509		False	Cx_quinquefasciatus_vs_Cx_molestus	Cx_quinquefasciatus_vs_Cx_molestus:NC_051862.1:143069372-143557882
103	3	3	chr2	406428	Cx_molestus	False	Cx_molestus_vs_Cx_pipiens;Cx_pallens_vs_Cx_molestus;Cx_quinquefasciatus_vs_Cx_molestus	Cx_quinquefasciatus_vs_Cx_molestus:NC_051862.1:160378351-160496205;Cx_pallens_vs_Cx_molestus:NC_068938.1:70490660-70607966;Cx_molestus_vs_Cx_pipiens:CM044969.1:145497091-145903519
104	1	1	chr2	104378		False	Cx_quinquefasciatus_vs_Cx_molestus	Cx_quinquefasciatus_vs_Cx_molestus:NC_051862.1:160672460-160776838
105	3	3	chr2	474954	Cx_molestus	False	Cx_molestus_vs_Cx_pipiens;Cx_pallens_vs_Cx_molestus;Cx_quinquefasciatus_vs_Cx_molestus	Cx_quinquefasciatus_vs_Cx_molestus:NC_051862.1:171303478-171543111;Cx_pallens_vs_Cx_molestus:NC_068938.1:57985768-58460722;Cx_molestus_vs_Cx_pipiens:CM044969.1:156538107-156871903
106	2	2	chr2	254376	Cx_molestus	False	Cx_pallens_vs_Cx_molestus;Cx_quinquefasciatus_vs_Cx_molestus	Cx_quinquefasciatus_vs_Cx_molestus:NC_051862.1:189472070-189726446;Cx_pallens_vs_Cx_molestus:NC_068938.1:37197212-37448202
107	3	3	chr2	651038	Cx_molestus	False	Cx_molestus_vs_Cx_pipiens;Cx_pallens_vs_Cx_molestus;Cx_quinquefasciatus_vs_Cx_molestus	Cx_quinquefasciatus_vs_Cx_molestus:NC_051862.1:192003535-192163314;Cx_pallens_vs_Cx_molestus:NC_068938.1:34480670-34649931;Cx_molestus_vs_Cx_pipiens:CM044969.1:178035190-178686228
108	3	3	chr2	651032	Cx_molestus	False	Cx_molestus_vs_Cx_pipiens;Cx_pallens_vs_Cx_molestus;Cx_quinquefasciatus_vs_Cx_molestus	Cx_quinquefasciatus_vs_Cx_molestus:NC_051862.1:200258607-200909640;Cx_pallens_vs_Cx_molestus:NC_068938.1:25248020-25877659;Cx_molestus_vs_Cx_pipiens:CM044969.1:185514942-185863429
109	1	1	chr2	164808		False	Cx_quinquefasciatus_vs_Cx_molestus	Cx_quinquefasciatus_vs_Cx_molestus:NC_051862.1:209026200-209191008
110	3	3	chr2	316977	Cx_molestus	False	Cx_molestus_vs_Cx_pipiens;Cx_pallens_vs_Cx_molestus;Cx_quinquefasciatus_vs_Cx_molestus	Cx_quinquefasciatus_vs_Cx_molestus:NC_051862.1:215991046-216284735;Cx_pallens_vs_Cx_molestus:NC_068938.1:9070197-9387175;Cx_molestus_vs_Cx_pipiens:CM044969.1:202877548-203083219
111	3	3	chr3	223302	Cx_molestus	False	Cx_molestus_vs_Cx_pipiens;Cx_pallens_vs_Cx_molestus;Cx_quinquefasciatus_vs_Cx_molestus	Cx_quinquefasciatus_vs_Cx_molestus:NC_051863.1:4283288-4460784;Cx_pallens_vs_Cx_molestus:NC_068939.1:181826729-182050031;Cx_molestus_vs_Cx_pipiens:CM044970.1:10963565-11136251
112	1	1	chr3	363475		False	Cx_quinquefasciatus_vs_Cx_molestus	Cx_quinquefasciatus_vs_Cx_molestus:NC_051863.1:11167911-11531386
113	2	2	chr3	146825	Cx_molestus	False	Cx_pallens_vs_Cx_molestus;Cx_quinquefasciatus_vs_Cx_molestus	Cx_quinquefasciatus_vs_Cx_molestus:NC_051863.1:34133453-34280278;Cx_pallens_vs_Cx_molestus:NC_068939.1:153359239-153476342
114	3	3	chr3	145235	Cx_molestus	False	Cx_molestus_vs_Cx_pipiens;Cx_pallens_vs_Cx_molestus;Cx_quinquefasciatus_vs_Cx_molestus	Cx_quinquefasciatus_vs_Cx_molestus:NC_051863.1:46440459-46559769;Cx_pallens_vs_Cx_molestus:NC_068939.1:139919324-140048181;Cx_molestus_vs_Cx_pipiens:CM044970.1:154725882-154871118
115	3	3	chr3	486467	Cx_molestus	False	Cx_molestus_vs_Cx_pipiens;Cx_pallens_vs_Cx_molestus;Cx_quinquefasciatus_vs_Cx_molestus	Cx_quinquefasciatus_vs_Cx_molestus:NC_051863.1:54106721-54447729;Cx_pallens_vs_Cx_molestus:NC_068939.1:132240694-132727161;Cx_molestus_vs_Cx_pipiens:CM044970.1:157268250-157479377
116	1	1	chr3	136825		False	Cx_quinquefasciatus_vs_Cx_molestus	Cx_quinquefasciatus_vs_Cx_molestus:NC_051863.1:68279118-68415944
117	1	1	chr3	410901		False	Cx_quinquefasciatus_vs_Cx_molestus	Cx_quinquefasciatus_vs_Cx_molestus:NC_051863.1:74088369-74499270
118	3	3	chr3	214404	Cx_molestus	False	Cx_molestus_vs_Cx_pipiens;Cx_pallens_vs_Cx_molestus;Cx_quinquefasciatus_vs_Cx_molestus	Cx_quinquefasciatus_vs_Cx_molestus:NC_051863.1:74525999-74701493;Cx_pallens_vs_Cx_molestus:NC_068939.1:111752668-111967072;Cx_molestus_vs_Cx_pipiens:CM044970.1:127663946-127824039
119	3	3	chr3	531931	Cx_molestus	False	Cx_molestus_vs_Cx_pipiens;Cx_pallens_vs_Cx_molestus;Cx_quinquefasciatus_vs_Cx_molestus	Cx_quinquefasciatus_vs_Cx_molestus:NC_051863.1:74711418-75200396;Cx_pallens_vs_Cx_molestus:NC_068939.1:111157679-111689610;Cx_molestus_vs_Cx_pipiens:CM044970.1:127830861-128327895
120	2	2	chr3	386646	Cx_molestus	False	Cx_molestus_vs_Cx_pipiens;Cx_quinquefasciatus_vs_Cx_molestus	Cx_quinquefasciatus_vs_Cx_molestus:NC_051863.1:75201899-75505585;Cx_molestus_vs_Cx_pipiens:CM044970.1:128342132-128728779
121	1	1	chr3	153779		False	Cx_quinquefasciatus_vs_Cx_molestus	Cx_quinquefasciatus_vs_Cx_molestus:NC_051863.1:81124858-81278638
122	1	1	chr3	318966		False	Cx_quinquefasciatus_vs_Cx_molestus	Cx_quinquefasciatus_vs_Cx_molestus:NC_051863.1:81774844-82093811
123	1	1	chr3	345952		False	Cx_quinquefasciatus_vs_Cx_molestus	Cx_quinquefasciatus_vs_Cx_molestus:NC_051863.1:86440729-86786682
124	2	2	chr3	287915	Cx_molestus	False	Cx_molestus_vs_Cx_pipiens;Cx_quinquefasciatus_vs_Cx_molestus	Cx_quinquefasciatus_vs_Cx_molestus:NC_051863.1:87066034-87280752;Cx_molestus_vs_Cx_pipiens:CM044970.1:116643605-116931520
125	1	1	chr3	183926		False	Cx_quinquefasciatus_vs_Cx_molestus	Cx_quinquefasciatus_vs_Cx_molestus:NC_051863.1:90242640-90426566
126	1	1	chr3	462128		False	Cx_quinquefasciatus_vs_Cx_molestus	Cx_quinquefasciatus_vs_Cx_molestus:NC_051863.1:91244686-91706814
127	1	1	chr3	107215		False	Cx_quinquefasciatus_vs_Cx_molestus	Cx_quinquefasciatus_vs_Cx_molestus:NC_051863.1:92032260-92139475
128	1	1	chr3	189521		False	Cx_quinquefasciatus_vs_Cx_molestus	Cx_quinquefasciatus_vs_Cx_molestus:NC_051863.1:93467424-93656946
129	1	1	chr3	108484		False	Cx_quinquefasciatus_vs_Cx_molestus	Cx_quinquefasciatus_vs_Cx_molestus:NC_051863.1:95861166-95969650
130	1	1	chr3	243785		False	Cx_quinquefasciatus_vs_Cx_molestus	Cx_quinquefasciatus_vs_Cx_molestus:NC_051863.1:96536880-96780665
131	1	1	chr3	145500		False	Cx_quinquefasciatus_vs_Cx_molestus	Cx_quinquefasciatus_vs_Cx_molestus:NC_051863.1:99640050-99785550
132	1	1	chr3	281624		False	Cx_quinquefasciatus_vs_Cx_molestus	Cx_quinquefasciatus_vs_Cx_molestus:NC_051863.1:100357239-100638863
133	1	1	chr3	763429		False	Cx_quinquefasciatus_vs_Cx_molestus	Cx_quinquefasciatus_vs_Cx_molestus:NC_051863.1:100790904-101554333
134	1	1	chr3	181846		False	Cx_quinquefasciatus_vs_Cx_molestus	Cx_quinquefasciatus_vs_Cx_molestus:NC_051863.1:101963108-102144954
135	1	1	chr3	236697		False	Cx_quinquefasciatus_vs_Cx_molestus	Cx_quinquefasciatus_vs_Cx_molestus:NC_051863.1:102249025-102485722
136	1	1	chr3	107257		False	Cx_quinquefasciatus_vs_Cx_molestus	Cx_quinquefasciatus_vs_Cx_molestus:NC_051863.1:102893169-103000427
137	3	3	chr3	314474	Cx_molestus	False	Cx_molestus_vs_Cx_pipiens;Cx_pallens_vs_Cx_molestus;Cx_quinquefasciatus_vs_Cx_molestus	Cx_quinquefasciatus_vs_Cx_molestus:NC_051863.1:116876581-117191055;Cx_pallens_vs_Cx_molestus:NC_068939.1:89048107-89349730;Cx_molestus_vs_Cx_pipiens:CM044970.1:85149409-85399024
138	3	3	chr3	201657	Cx_molestus	False	Cx_molestus_vs_Cx_pipiens;Cx_pallens_vs_Cx_molestus;Cx_quinquefasciatus_vs_Cx_molestus	Cx_quinquefasciatus_vs_Cx_molestus:NC_051863.1:120377030-120578688;Cx_pallens_vs_Cx_molestus:NC_068939.1:85391763-85548896;Cx_molestus_vs_Cx_pipiens:CM044970.1:81058959-81194700
139	2	2	chr3	366642	Cx_molestus	False	Cx_pallens_vs_Cx_molestus;Cx_quinquefasciatus_vs_Cx_molestus	Cx_quinquefasciatus_vs_Cx_molestus:NC_051863.1:121080510-121414512;Cx_pallens_vs_Cx_molestus:NC_068939.1:84440090-84806732
140	1	1	chr3	154051		False	Cx_quinquefasciatus_vs_Cx_molestus	Cx_quinquefasciatus_vs_Cx_molestus:NC_051863.1:121491112-121645164
141	2	2	chr3	316571	Cx_molestus	False	Cx_pallens_vs_Cx_molestus;Cx_quinquefasciatus_vs_Cx_molestus	Cx_quinquefasciatus_vs_Cx_molestus:NC_051863.1:123457683-123774254;Cx_pallens_vs_Cx_molestus:NC_068939.1:82145434-82274480
142	3	3	chr3	540882	Cx_molestus	False	Cx_molestus_vs_Cx_pipiens;Cx_pallens_vs_Cx_molestus;Cx_quinquefasciatus_vs_Cx_molestus	Cx_quinquefasciatus_vs_Cx_molestus:NC_051863.1:132116980-132561044;Cx_pallens_vs_Cx_molestus:NC_068939.1:72557117-73097999;Cx_molestus_vs_Cx_pipiens:CM044970.1:68589690-68971448
143	3	3	chr3	1159595	Cx_molestus	True	Cx_molestus_vs_Cx_pipiens;Cx_pallens_vs_Cx_molestus;Cx_quinquefasciatus_vs_Cx_molestus	Cx_quinquefasciatus_vs_Cx_molestus:NC_051863.1:132743247-133902842;Cx_pallens_vs_Cx_molestus:NC_068939.1:71340636-71700580;Cx_molestus_vs_Cx_pipiens:CM044970.1:67590491-67979138
144	3	3	chr3	283154	Cx_molestus	False	Cx_molestus_vs_Cx_pipiens;Cx_pallens_vs_Cx_molestus;Cx_quinquefasciatus_vs_Cx_molestus	Cx_quinquefasciatus_vs_Cx_molestus:NC_051863.1:134024865-134173749;Cx_pallens_vs_Cx_molestus:NC_068939.1:70972949-71236327;Cx_molestus_vs_Cx_pipiens:CM044970.1:68080965-68364119
145	1	1	chr3	224709		False	Cx_quinquefasciatus_vs_Cx_molestus	Cx_quinquefasciatus_vs_Cx_molestus:NC_051863.1:134187017-134411727
146	3	3	chr3	245992	Cx_molestus	False	Cx_molestus_vs_Cx_pipiens;Cx_pallens_vs_Cx_molestus;Cx_quinquefasciatus_vs_Cx_molestus	Cx_quinquefasciatus_vs_Cx_molestus:NC_051863.1:134527930-134717731;Cx_pallens_vs_Cx_molestus:NC_068939.1:70560638-70674716;Cx_molestus_vs_Cx_pipiens:CM044970.1:200589421-200835413
147	2	2	chr3	276932	Cx_molestus	False	Cx_pallens_vs_Cx_molestus;Cx_quinquefasciatus_vs_Cx_molestus	Cx_quinquefasciatus_vs_Cx_molestus:NC_051863.1:134723148-135000080;Cx_pallens_vs_Cx_molestus:NC_068939.1:70300804-70552326
148	3	3	chr3	244958	Cx_molestus	False	Cx_molestus_vs_Cx_pipiens;Cx_pallens_vs_Cx_molestus;Cx_quinquefasciatus_vs_Cx_molestus	Cx_quinquefasciatus_vs_Cx_molestus:NC_051863.1:140970175-141142175;Cx_pallens_vs_Cx_molestus:NC_068939.1:64011183-64194871;Cx_molestus_vs_Cx_pipiens:CM044970.1:60233085-60478043
149	2	2	chr3	215637	Cx_molestus	False	Cx_molestus_vs_Cx_pipiens;Cx_quinquefasciatus_vs_Cx_molestus	Cx_quinquefasciatus_vs_Cx_molestus:NC_051863.1:147898962-148114599;Cx_molestus_vs_Cx_pipiens:CM044970.1:29917916-30019942
150	2	2	chr3	185128	Cx_molestus	False	Cx_pallens_vs_Cx_molestus;Cx_quinquefasciatus_vs_Cx_molestus	Cx_quinquefasciatus_vs_Cx_molestus:NC_051863.1:157873654-158058782;Cx_pallens_vs_Cx_molestus:NC_068939.1:44318453-44490755
151	1	1	chr3	367529		False	Cx_quinquefasciatus_vs_Cx_molestus	Cx_quinquefasciatus_vs_Cx_molestus:NC_051863.1:158259409-158626938
152	3	3	chr3	552452	Cx_molestus	False	Cx_molestus_vs_Cx_pipiens;Cx_pallens_vs_Cx_molestus;Cx_quinquefasciatus_vs_Cx_molestus	Cx_quinquefasciatus_vs_Cx_molestus:NC_051863.1:158661417-158817792;Cx_pallens_vs_Cx_molestus:NC_068939.1:43614013-44117296;Cx_molestus_vs_Cx_pipiens:CM044970.1:41048048-41600501
153	3	3	chr3	226188	Cx_molestus	False	Cx_molestus_vs_Cx_pipiens;Cx_pallens_vs_Cx_molestus;Cx_quinquefasciatus_vs_Cx_molestus	Cx_quinquefasciatus_vs_Cx_molestus:NC_051863.1:174943348-175169536;Cx_pallens_vs_Cx_molestus:NC_068939.1:26739549-26940977;Cx_molestus_vs_Cx_pipiens:CM044970.1:7949122-8156254
154	1	1	chr3	104909		False	Cx_quinquefasciatus_vs_Cx_molestus	Cx_quinquefasciatus_vs_Cx_molestus:NC_051863.1:191679013-191783922
155	3	3	chr1	425562	Cx_molestus	False	Cx_molestus_vs_Cx_pipiens;Cx_pallens_vs_Cx_molestus;Cx_quinquefasciatus_vs_Cx_molestus	Cx_quinquefasciatus_vs_Cx_molestus:NC_051861.1:2031468-2457030;Cx_pallens_vs_Cx_molestus:NC_068937.1:136803376-137158711;Cx_molestus_vs_Cx_pipiens:CM044968.1:3431353-3610340
156	3	3	chr1	473880	Cx_molestus	False	Cx_molestus_vs_Cx_pipiens;Cx_pallens_vs_Cx_molestus;Cx_quinquefasciatus_vs_Cx_molestus	Cx_quinquefasciatus_vs_Cx_molestus:NC_051861.1:26706769-27180649;Cx_pallens_vs_Cx_molestus:NC_068937.1:111596942-112003450;Cx_molestus_vs_Cx_pipiens:CM044968.1:27435547-27892236
157	2	2	chr1	318803	Cx_quinquefasciatus	False	Cx_quinquefasciatus_vs_Cx_molestus;Cx_quinquefasciatus_vs_Cx_pipiens	Cx_quinquefasciatus_vs_Cx_molestus:NC_051861.1:29402581-29686351;Cx_quinquefasciatus_vs_Cx_pipiens:NC_051861.1:29408043-29726847
158	2	2	chr1	402370	Cx_quinquefasciatus	False	Cx_quinquefasciatus_vs_Cx_molestus;Cx_quinquefasciatus_vs_Cx_pipiens	Cx_quinquefasciatus_vs_Cx_molestus:NC_051861.1:29686848-29818807;Cx_quinquefasciatus_vs_Cx_pipiens:NC_051861.1:29741701-30144072
159	2	2	chr1	653324	Cx_quinquefasciatus	False	Cx_quinquefasciatus_vs_Cx_molestus;Cx_quinquefasciatus_vs_Cx_pipiens	Cx_quinquefasciatus_vs_Cx_molestus:NC_051861.1:29869672-30522997;Cx_quinquefasciatus_vs_Cx_pipiens:NC_051861.1:30168071-30522997
160	2	2	chr1	247568	Cx_quinquefasciatus	False	Cx_quinquefasciatus_vs_Cx_molestus;Cx_quinquefasciatus_vs_Cx_pipiens	Cx_quinquefasciatus_vs_Cx_molestus:NC_051861.1:33353290-33553133;Cx_quinquefasciatus_vs_Cx_pipiens:NC_051861.1:33305565-33553133
161	1	1	chr1	234781		False	Cx_quinquefasciatus_vs_Cx_molestus	Cx_quinquefasciatus_vs_Cx_molestus:NC_051861.1:34151320-34386101
162	1	1	chr1	296779		False	Cx_quinquefasciatus_vs_Cx_molestus	Cx_quinquefasciatus_vs_Cx_molestus:NC_051861.1:35270599-35567379
163	1	1	chr1	472661		False	Cx_quinquefasciatus_vs_Cx_molestus	Cx_quinquefasciatus_vs_Cx_molestus:NC_051861.1:35738927-36211589
164	2	2	chr1	824758	Cx_quinquefasciatus	False	Cx_quinquefasciatus_vs_Cx_molestus;Cx_quinquefasciatus_vs_Cx_pipiens	Cx_quinquefasciatus_vs_Cx_molestus:NC_051861.1:36654321-37319234;Cx_quinquefasciatus_vs_Cx_pipiens:NC_051861.1:36434912-37259671
165	2	2	chr1	913002	Cx_quinquefasciatus	False	Cx_quinquefasciatus_vs_Cx_molestus;Cx_quinquefasciatus_vs_Cx_pipiens	Cx_quinquefasciatus_vs_Cx_molestus:NC_051861.1:37415968-38181234;Cx_quinquefasciatus_vs_Cx_pipiens:NC_051861.1:37266816-38179818
166	1	1	chr1	1249637		True	Cx_quinquefasciatus_vs_Cx_molestus	Cx_quinquefasciatus_vs_Cx_molestus:NC_051861.1:38298646-39548283
167	1	1	chr1	206288		False	Cx_quinquefasciatus_vs_Cx_molestus	Cx_quinquefasciatus_vs_Cx_molestus:NC_051861.1:39759863-39966151
168	2	2	chr1	1240277	Cx_molestus	True	Cx_pallens_vs_Cx_molestus;Cx_quinquefasciatus_vs_Cx_molestus	Cx_quinquefasciatus_vs_Cx_molestus:NC_051861.1:50771764-51538807;Cx_pallens_vs_Cx_molestus:NC_068937.1:87132035-88372312
169	3	3	chr1	382950	Cx_molestus	False	Cx_molestus_vs_Cx_pipiens;Cx_pallens_vs_Cx_molestus;Cx_quinquefasciatus_vs_Cx_molestus	Cx_quinquefasciatus_vs_Cx_molestus:NC_051861.1:53672431-54055381;Cx_pallens_vs_Cx_molestus:NC_068937.1:85283918-85603746;Cx_molestus_vs_Cx_pipiens:CM044968.1:55323313-55487383
170	1	1	chr1	109436		False	Cx_quinquefasciatus_vs_Cx_molestus	Cx_quinquefasciatus_vs_Cx_molestus:NC_051861.1:56685714-56795150
171	1	1	chr1	922897		False	Cx_quinquefasciatus_vs_Cx_molestus	Cx_quinquefasciatus_vs_Cx_molestus:NC_051861.1:57063062-57985959
172	1	1	chr1	204858		False	Cx_quinquefasciatus_vs_Cx_molestus	Cx_quinquefasciatus_vs_Cx_molestus:NC_051861.1:58017071-58221930
173	1	1	chr1	388787		False	Cx_quinquefasciatus_vs_Cx_molestus	Cx_quinquefasciatus_vs_Cx_molestus:NC_051861.1:58326975-58715762
174	1	1	chr1	357217		False	Cx_quinquefasciatus_vs_Cx_molestus	Cx_quinquefasciatus_vs_Cx_molestus:NC_051861.1:60400411-60757628
175	1	1	chr1	950206		False	Cx_quinquefasciatus_vs_Cx_molestus	Cx_quinquefasciatus_vs_Cx_molestus:NC_051861.1:60929287-61879494
176	1	1	chr1	204258		False	Cx_quinquefasciatus_vs_Cx_molestus	Cx_quinquefasciatus_vs_Cx_molestus:NC_051861.1:62569928-62774187
177	3	3	chr1	401635	Cx_molestus	False	Cx_molestus_vs_Cx_pipiens;Cx_pallens_vs_Cx_molestus;Cx_quinquefasciatus_vs_Cx_molestus	Cx_quinquefasciatus_vs_Cx_molestus:NC_051861.1:77809505-78137887;Cx_pallens_vs_Cx_molestus:NC_068937.1:55738173-56074633;Cx_molestus_vs_Cx_pipiens:CM044968.1:64221640-64623275
178	1	1	chr1	134315		False	Cx_quinquefasciatus_vs_Cx_molestus	Cx_quinquefasciatus_vs_Cx_molestus:NC_051861.1:87632819-87767134
179	3	3	chr1	585115	Cx_molestus	False	Cx_molestus_vs_Cx_pipiens;Cx_pallens_vs_Cx_molestus;Cx_quinquefasciatus_vs_Cx_molestus	Cx_quinquefasciatus_vs_Cx_molestus:NC_051861.1:87782030-88181673;Cx_pallens_vs_Cx_molestus:NC_068937.1:45228232-45813347;Cx_molestus_vs_Cx_pipiens:CM044968.1:73815736-74340839
180	1	1	chr2	262808		False	Cx_quinquefasciatus_vs_Cx_pipiens	Cx_quinquefasciatus_vs_Cx_pipiens:NC_051862.1:61324738-61587546
181	1	1	chr2	112722		False	Cx_quinquefasciatus_vs_Cx_pipiens	Cx_quinquefasciatus_vs_Cx_pipiens:NC_051862.1:68829440-68942162
182	1	1	chr2	233065		False	Cx_quinquefasciatus_vs_Cx_pipiens	Cx_quinquefasciatus_vs_Cx_pipiens:NC_051862.1:112902473-113135538
183	1	1	chr2	112706		False	Cx_quinquefasciatus_vs_Cx_pipiens	Cx_quinquefasciatus_vs_Cx_pipiens:NC_051862.1:114352212-114464919
184	1	1	chr2	122240		False	Cx_quinquefasciatus_vs_Cx_pipiens	Cx_quinquefasciatus_vs_Cx_pipiens:NC_051862.1:114948029-115070270
185	1	1	chr2	341332		False	Cx_quinquefasciatus_vs_Cx_pipiens	Cx_quinquefasciatus_vs_Cx_pipiens:NC_051862.1:123037927-123379259
186	1	1	chr2	136110		False	Cx_quinquefasciatus_vs_Cx_pipiens	Cx_quinquefasciatus_vs_Cx_pipiens:NC_051862.1:128160984-128297094
187	1	1	chr2	276911		False	Cx_quinquefasciatus_vs_Cx_pipiens	Cx_quinquefasciatus_vs_Cx_pipiens:NC_051862.1:136061829-136338740
188	1	1	chr2	102079		False	Cx_quinquefasciatus_vs_Cx_pipiens	Cx_quinquefasciatus_vs_Cx_pipiens:NC_051862.1:138566970-138669049
189	1	1	chr2	104442		False	Cx_quinquefasciatus_vs_Cx_pipiens	Cx_quinquefasciatus_vs_Cx_pipiens:NC_051862.1:147442122-147546564
190	1	1	chr3	209526		False	Cx_quinquefasciatus_vs_Cx_pipiens	Cx_quinquefasciatus_vs_Cx_pipiens:NC_051863.1:29965238-30174765
191	1	1	chr3	138683		False	Cx_quinquefasciatus_vs_Cx_pipiens	Cx_quinquefasciatus_vs_Cx_pipiens:NC_051863.1:57221921-57360605
192	1	1	chr3	607405		False	Cx_quinquefasciatus_vs_Cx_pipiens	Cx_quinquefasciatus_vs_Cx_pipiens:NC_051863.1:89845865-90453270
193	1	1	chr3	120480		False	Cx_quinquefasciatus_vs_Cx_pipiens	Cx_quinquefasciatus_vs_Cx_pipiens:NC_051863.1:90685877-90806357
194	1	1	chr3	696025		False	Cx_quinquefasciatus_vs_Cx_pipiens	Cx_quinquefasciatus_vs_Cx_pipiens:NC_051863.1:110921308-111617333
195	1	1	chr3	190404		False	Cx_quinquefasciatus_vs_Cx_pipiens	Cx_quinquefasciatus_vs_Cx_pipiens:NC_051863.1:122937957-123128362
196	1	1	chr3	205104		False	Cx_quinquefasciatus_vs_Cx_pipiens	Cx_quinquefasciatus_vs_Cx_pipiens:NC_051863.1:128356092-128561196
197	1	1	chr3	122023		False	Cx_quinquefasciatus_vs_Cx_pipiens	Cx_quinquefasciatus_vs_Cx_pipiens:NC_051863.1:133902842-134024865
198	1	1	chr3	134466		False	Cx_quinquefasciatus_vs_Cx_pipiens	Cx_quinquefasciatus_vs_Cx_pipiens:NC_051863.1:136914755-137049221
199	1	1	chr3	193186		False	Cx_quinquefasciatus_vs_Cx_pipiens	Cx_quinquefasciatus_vs_Cx_pipiens:NC_051863.1:142246931-142440117
200	1	1	chr3	268052		False	Cx_quinquefasciatus_vs_Cx_pipiens	Cx_quinquefasciatus_vs_Cx_pipiens:NC_051863.1:145026605-145294657
201	1	1	chr3	112446		False	Cx_quinquefasciatus_vs_Cx_pipiens	Cx_quinquefasciatus_vs_Cx_pipiens:NC_051863.1:187696698-187809144
202	1	1	chr1	295432		False	Cx_quinquefasciatus_vs_Cx_pipiens	Cx_quinquefasciatus_vs_Cx_pipiens:NC_051861.1:6694872-6990304
203	1	1	chr1	438941		False	Cx_quinquefasciatus_vs_Cx_pipiens	Cx_quinquefasciatus_vs_Cx_pipiens:NC_051861.1:38310670-38749611
204	1	1	chr1	522302		False	Cx_quinquefasciatus_vs_Cx_pipiens	Cx_quinquefasciatus_vs_Cx_pipiens:NC_051861.1:38791749-39314052
205	3	3	chr1	517340	none	False	Cx_molestus_vs_Cx_pipiens;Cx_pallens_vs_Cx_molestus;Cx_quinquefasciatus_vs_Cx_pipiens	Cx_quinquefasciatus_vs_Cx_pipiens:NC_051861.1:39448811-39966151;Cx_pallens_vs_Cx_molestus:NC_068937.1:101586689-101817736;Cx_molestus_vs_Cx_pipiens:CM044968.1:29698017-29911806
206	1	1	chr1	137373		False	Cx_quinquefasciatus_vs_Cx_pipiens	Cx_quinquefasciatus_vs_Cx_pipiens:NC_051861.1:63238851-63376224
207	1	1	chr1	409497		False	Cx_quinquefasciatus_vs_Cx_pipiens	Cx_quinquefasciatus_vs_Cx_pipiens:NC_051861.1:63869414-64278911
208	1	1	chr1	253505		False	Cx_quinquefasciatus_vs_Cx_pipiens	Cx_quinquefasciatus_vs_Cx_pipiens:NC_051861.1:64416089-64669594
209	1	1	chr1	143909		False	Cx_quinquefasciatus_vs_Cx_pipiens	Cx_quinquefasciatus_vs_Cx_pipiens:NC_051861.1:64921049-65064958
210	1	1	chr1	127605		False	Cx_quinquefasciatus_vs_Cx_pipiens	Cx_quinquefasciatus_vs_Cx_pipiens:NC_051861.1:67068374-67195979
211	1	1	chr1	176676		False	Cx_quinquefasciatus_vs_Cx_pipiens	Cx_quinquefasciatus_vs_Cx_pipiens:NC_051861.1:68110721-68287397
212	1	1	chr1	624648		False	Cx_quinquefasciatus_vs_Cx_pipiens	Cx_quinquefasciatus_vs_Cx_pipiens:NC_051861.1:88394833-89019481
213	2	2	chr1	235426	Cx_pipiens	False	Cx_pallens_vs_Cx_pipiens;Cx_quinquefasciatus_vs_Cx_pipiens	Cx_quinquefasciatus_vs_Cx_pipiens:NC_051861.1:107518558-107753984;Cx_pallens_vs_Cx_pipiens:NC_068937.1:25793949-26015664
214	1	1	chr2	154568		False	Cx_pallens_vs_Cx_molestus	Cx_pallens_vs_Cx_molestus:NC_068938.1:24647531-24802099
215	1	1	chr2	120200		False	Cx_pallens_vs_Cx_molestus	Cx_pallens_vs_Cx_molestus:NC_068938.1:25952346-26072546
216	1	1	chr2	284454		False	Cx_pallens_vs_Cx_molestus	Cx_pallens_vs_Cx_molestus:NC_068938.1:65348501-65632955
217	1	1	chr2	149806		False	Cx_pallens_vs_Cx_molestus	Cx_pallens_vs_Cx_molestus:NC_068938.1:66015140-66164947
218	1	1	chr2	112551		False	Cx_pallens_vs_Cx_molestus	Cx_pallens_vs_Cx_molestus:NC_068938.1:68653147-68765698
219	1	1	chr2	119297		False	Cx_pallens_vs_Cx_molestus	Cx_pallens_vs_Cx_molestus:NC_068938.1:79915485-80034782
220	1	1	chr2	141669		False	Cx_pallens_vs_Cx_molestus	Cx_pallens_vs_Cx_molestus:NC_068938.1:86436918-86578587
221	1	1	chr2	126082		False	Cx_pallens_vs_Cx_molestus	Cx_pallens_vs_Cx_molestus:NC_068938.1:95376270-95502353
222	1	1	chr2	191091		False	Cx_pallens_vs_Cx_molestus	Cx_pallens_vs_Cx_molestus:NC_068938.1:107321701-107512792
223	1	1	chr2	287578		False	Cx_pallens_vs_Cx_molestus	Cx_pallens_vs_Cx_molestus:NC_068938.1:111138502-111426080
224	1	1	chr2	484863		False	Cx_pallens_vs_Cx_molestus	Cx_pallens_vs_Cx_molestus:NC_068938.1:112420321-112905184
225	1	1	chr2	423267		False	Cx_pallens_vs_Cx_molestus	Cx_pallens_vs_Cx_molestus:NC_068938.1:120049884-120473151
226	2	2	chr2	206851	Cx_pallens	False	Cx_pallens_vs_Cx_molestus;Cx_pallens_vs_Cx_pipiens	Cx_pallens_vs_Cx_molestus:NC_068938.1:121714446-121921298;Cx_pallens_vs_Cx_pipiens:NC_068938.1:121717033-121921298
227	1	1	chr2	345855		False	Cx_pallens_vs_Cx_molestus	Cx_pallens_vs_Cx_molestus:NC_068938.1:125967492-126313347
228	2	2	chr2	257644	Cx_molestus	False	Cx_molestus_vs_Cx_pipiens;Cx_pallens_vs_Cx_molestus	Cx_pallens_vs_Cx_molestus:NC_068938.1:148884607-149134278;Cx_molestus_vs_Cx_pipiens:CM044969.1:69825713-70083357
229	2	2	chr2	620012	Cx_pallens	False	Cx_pallens_vs_Cx_molestus;Cx_pallens_vs_Cx_pipiens	Cx_pallens_vs_Cx_molestus:NC_068938.1:156688858-157308871;Cx_pallens_vs_Cx_pipiens:NC_068938.1:157063944-157308871
230	1	1	chr2	272019		False	Cx_pallens_vs_Cx_molestus	Cx_pallens_vs_Cx_molestus:NC_068938.1:157351176-157623195
231	1	1	chr2	131676		False	Cx_pallens_vs_Cx_molestus	Cx_pallens_vs_Cx_molestus:NC_068938.1:157646346-157778022
232	1	1	chr2	490438		False	Cx_pallens_vs_Cx_molestus	Cx_pallens_vs_Cx_molestus:NC_068938.1:162937674-163428112
233	2	2	chr2	688254	Cx_pallens	False	Cx_pallens_vs_Cx_molestus;Cx_pallens_vs_Cx_pipiens	Cx_pallens_vs_Cx_molestus:NC_068938.1:163464246-163625929;Cx_pallens_vs_Cx_pipiens:NC_068938.1:162937674-163625929
234	1	1	chr2	109593		False	Cx_pallens_vs_Cx_molestus	Cx_pallens_vs_Cx_molestus:NC_068938.1:171919259-172028853
235	1	1	chr2	175445		False	Cx_pallens_vs_Cx_molestus	Cx_pallens_vs_Cx_molestus:NC_068938.1:175382245-175557690
236	1	1	chr2	127825		False	Cx_pallens_vs_Cx_molestus	Cx_pallens_vs_Cx_molestus:NC_068938.1:180953600-181081425
237	1	1	chr2	125118		False	Cx_pallens_vs_Cx_molestus	Cx_pallens_vs_Cx_molestus:NC_068938.1:186338593-186463711
238	2	2	chr2	204407	Cx_pallens	False	Cx_pallens_vs_Cx_molestus;Cx_pallens_vs_Cx_pipiens	Cx_pallens_vs_Cx_molestus:NC_068938.1:206780897-206985305;Cx_pallens_vs_Cx_pipiens:NC_068938.1:206780897-206985305
239	1	1	chr3	709924		False	Cx_pallens_vs_Cx_molestus	Cx_pallens_vs_Cx_molestus:NC_068939.1:173012-882936
240	1	1	chr3	114529		False	Cx_pallens_vs_Cx_molestus	Cx_pallens_vs_Cx_molestus:NC_068939.1:26400370-26514899
241	1	1	chr3	274002		False	Cx_pallens_vs_Cx_molestus	Cx_pallens_vs_Cx_molestus:NC_068939.1:53074195-53348198
242	1	1	chr3	176748		False	Cx_pallens_vs_Cx_molestus	Cx_pallens_vs_Cx_molestus:NC_068939.1:55513056-55689804
243	1	1	chr3	590198		False	Cx_pallens_vs_Cx_molestus	Cx_pallens_vs_Cx_molestus:NC_068939.1:56530395-57120594
244	2	2	chr3	812388	Cx_molestus	False	Cx_molestus_vs_Cx_pipiens;Cx_pallens_vs_Cx_molestus	Cx_pallens_vs_Cx_molestus:NC_068939.1:71711526-72523914;Cx_molestus_vs_Cx_pipiens:CM044970.1:66910216-67586163
245	1	1	chr3	104984		False	Cx_pallens_vs_Cx_molestus	Cx_pallens_vs_Cx_molestus:NC_068939.1:75330312-75435296
246	1	1	chr3	489032		False	Cx_pallens_vs_Cx_molestus	Cx_pallens_vs_Cx_molestus:NC_068939.1:93514823-94003856
247	1	1	chr3	196050		False	Cx_pallens_vs_Cx_molestus	Cx_pallens_vs_Cx_molestus:NC_068939.1:110854934-111050985
248	1	1	chr3	348842		False	Cx_pallens_vs_Cx_molestus	Cx_pallens_vs_Cx_molestus:NC_068939.1:111969807-112318649
249	1	1	chr3	621935		False	Cx_pallens_vs_Cx_molestus	Cx_pallens_vs_Cx_molestus:NC_068939.1:112327224-112949160
250	1	1	chr3	335358		False	Cx_pallens_vs_Cx_molestus	Cx_pallens_vs_Cx_molestus:NC_068939.1:123154744-123490102
251	1	1	chr3	246543		False	Cx_pallens_vs_Cx_molestus	Cx_pallens_vs_Cx_molestus:NC_068939.1:142017487-142264030
252	1	1	chr3	137876		False	Cx_pallens_vs_Cx_molestus	Cx_pallens_vs_Cx_molestus:NC_068939.1:146095033-146232909
253	2	2	chr3	548194	Cx_molestus	False	Cx_molestus_vs_Cx_pipiens;Cx_pallens_vs_Cx_molestus	Cx_pallens_vs_Cx_molestus:NC_068939.1:146271367-146606944;Cx_molestus_vs_Cx_pipiens:CM044970.1:160907033-161455228
254	1	1	chr3	635147		False	Cx_pallens_vs_Cx_molestus	Cx_pallens_vs_Cx_molestus:NC_068939.1:147109784-147744931
255	1	1	chr3	103962		False	Cx_pallens_vs_Cx_molestus	Cx_pallens_vs_Cx_molestus:NC_068939.1:164480453-164584415
256	1	1	chr3	251088		False	Cx_pallens_vs_Cx_molestus	Cx_pallens_vs_Cx_molestus:NC_068939.1:172001552-172252640
257	1	1	chr1	453800		False	Cx_pallens_vs_Cx_molestus	Cx_pallens_vs_Cx_molestus:NC_068937.1:168571-622371
258	1	1	chr1	163315		False	Cx_pallens_vs_Cx_molestus	Cx_pallens_vs_Cx_molestus:NC_068937.1:23254476-23417791
259	1	1	chr1	125039		False	Cx_pallens_vs_Cx_molestus	Cx_pallens_vs_Cx_molestus:NC_068937.1:47203772-47328811
260	1	1	chr1	505394		False	Cx_pallens_vs_Cx_molestus	Cx_pallens_vs_Cx_molestus:NC_068937.1:56313685-56819079
261	1	1	chr1	235330		False	Cx_pallens_vs_Cx_molestus	Cx_pallens_vs_Cx_molestus:NC_068937.1:59719994-59955325
262	2	2	chr1	1170728	Cx_pallens	True	Cx_pallens_vs_Cx_molestus;Cx_pallens_vs_Cx_pipiens	Cx_pallens_vs_Cx_molestus:NC_068937.1:62365834-63417956;Cx_pallens_vs_Cx_pipiens:NC_068937.1:62247227-63417956
263	1	1	chr1	730486		False	Cx_pallens_vs_Cx_molestus	Cx_pallens_vs_Cx_molestus:NC_068937.1:64326864-65057350
264	1	1	chr1	374208		False	Cx_pallens_vs_Cx_molestus	Cx_pallens_vs_Cx_molestus:NC_068937.1:66621874-66996082
265	1	1	chr1	396003		False	Cx_pallens_vs_Cx_molestus	Cx_pallens_vs_Cx_molestus:NC_068937.1:67566465-67962468
266	1	1	chr1	1624597		True	Cx_pallens_vs_Cx_molestus	Cx_pallens_vs_Cx_molestus:NC_068937.1:70292614-71917211
267	1	1	chr1	432918		False	Cx_pallens_vs_Cx_molestus	Cx_pallens_vs_Cx_molestus:NC_068937.1:72434750-72867668
268	1	1	chr1	1302453		True	Cx_pallens_vs_Cx_molestus	Cx_pallens_vs_Cx_molestus:NC_068937.1:72944594-74247047
269	1	1	chr1	338628		False	Cx_pallens_vs_Cx_molestus	Cx_pallens_vs_Cx_molestus:NC_068937.1:74354750-74693378
270	1	1	chr1	302221		False	Cx_pallens_vs_Cx_molestus	Cx_pallens_vs_Cx_molestus:NC_068937.1:75972244-76274465
271	1	1	chr1	650285		False	Cx_pallens_vs_Cx_molestus	Cx_pallens_vs_Cx_molestus:NC_068937.1:77833055-78483340
272	1	1	chr1	517705		False	Cx_pallens_vs_Cx_molestus	Cx_pallens_vs_Cx_molestus:NC_068937.1:80729285-81246990
273	1	1	chr1	465467		False	Cx_pallens_vs_Cx_molestus	Cx_pallens_vs_Cx_molestus:NC_068937.1:81709953-82175420
274	1	1	chr1	172488		False	Cx_pallens_vs_Cx_molestus	Cx_pallens_vs_Cx_molestus:NC_068937.1:82441267-82613756
275	1	1	chr1	567101		False	Cx_pallens_vs_Cx_molestus	Cx_pallens_vs_Cx_molestus:NC_068937.1:82659365-83226467
276	1	1	chr1	591068		False	Cx_pallens_vs_Cx_molestus	Cx_pallens_vs_Cx_molestus:NC_068937.1:89672619-90263687
277	1	1	chr1	431313		False	Cx_pallens_vs_Cx_molestus	Cx_pallens_vs_Cx_molestus:NC_068937.1:91091262-91522575
278	2	2	chr1	487145	Cx_pallens	False	Cx_pallens_vs_Cx_molestus;Cx_pallens_vs_Cx_pipiens	Cx_pallens_vs_Cx_molestus:NC_068937.1:101958397-102322770;Cx_pallens_vs_Cx_pipiens:NC_068937.1:101958397-102445542
279	2	2	chr1	735416	Cx_pallens	False	Cx_pallens_vs_Cx_molestus;Cx_pallens_vs_Cx_pipiens	Cx_pallens_vs_Cx_molestus:NC_068937.1:102462119-103197536;Cx_pallens_vs_Cx_pipiens:NC_068937.1:102614825-103132225
280	2	2	chr1	251092	Cx_pallens	False	Cx_pallens_vs_Cx_molestus;Cx_pallens_vs_Cx_pipiens	Cx_pallens_vs_Cx_molestus:NC_068937.1:103347764-103598856;Cx_pallens_vs_Cx_pipiens:NC_068937.1:103347764-103598856
281	1	1	chr1	407064		False	Cx_pallens_vs_Cx_molestus	Cx_pallens_vs_Cx_molestus:NC_068937.1:104324955-104732019
282	1	1	chr1	302966		False	Cx_pallens_vs_Cx_molestus	Cx_pallens_vs_Cx_molestus:NC_068937.1:107464996-107767962
283	2	2	chr1	527588	Cx_pallens	False	Cx_pallens_vs_Cx_molestus;Cx_pallens_vs_Cx_pipiens	Cx_pallens_vs_Cx_molestus:NC_068937.1:108141570-108669158;Cx_pallens_vs_Cx_pipiens:NC_068937.1:108141570-108669158
284	2	2	chr1	372442	Cx_pallens	False	Cx_pallens_vs_Cx_molestus;Cx_pallens_vs_Cx_pipiens	Cx_pallens_vs_Cx_molestus:NC_068937.1:108935642-109308084;Cx_pallens_vs_Cx_pipiens:NC_068937.1:108967487-109285766
285	2	2	chr1	235308	Cx_pallens	False	Cx_pallens_vs_Cx_molestus;Cx_pallens_vs_Cx_pipiens	Cx_pallens_vs_Cx_molestus:NC_068937.1:109384768-109548463;Cx_pallens_vs_Cx_pipiens:NC_068937.1:109301174-109536482
286	1	1	chr1	158680		False	Cx_pallens_vs_Cx_molestus	Cx_pallens_vs_Cx_molestus:NC_068937.1:109597941-109756622
287	1	1	chr1	816490		False	Cx_pallens_vs_Cx_molestus	Cx_pallens_vs_Cx_molestus:NC_068937.1:113435642-114252132
288	1	1	chr2	267566		False	Cx_pallens_vs_Cx_pipiens	Cx_pallens_vs_Cx_pipiens:NC_068938.1:13671326-13938893
289	1	1	chr2	141090		False	Cx_pallens_vs_Cx_pipiens	Cx_pallens_vs_Cx_pipiens:NC_068938.1:26574305-26715395
290	1	1	chr2	111427		False	Cx_pallens_vs_Cx_pipiens	Cx_pallens_vs_Cx_pipiens:NC_068938.1:35623162-35734589
291	1	1	chr2	144904		False	Cx_pallens_vs_Cx_pipiens	Cx_pallens_vs_Cx_pipiens:NC_068938.1:48153985-48298890
292	1	1	chr2	311218		False	Cx_pallens_vs_Cx_pipiens	Cx_pallens_vs_Cx_pipiens:NC_068938.1:57611359-57922577
293	1	1	chr2	157230		False	Cx_pallens_vs_Cx_pipiens	Cx_pallens_vs_Cx_pipiens:NC_068938.1:78261661-78418891
294	1	1	chr2	481549		False	Cx_pallens_vs_Cx_pipiens	Cx_pallens_vs_Cx_pipiens:NC_068938.1:115245985-115727534
295	1	1	chr2	277863		False	Cx_pallens_vs_Cx_pipiens	Cx_pallens_vs_Cx_pipiens:NC_068938.1:116622573-116900437
296	1	1	chr2	230110		False	Cx_pallens_vs_Cx_pipiens	Cx_pallens_vs_Cx_pipiens:NC_068938.1:124951298-125181409
297	1	1	chr2	420379		False	Cx_pallens_vs_Cx_pipiens	Cx_pallens_vs_Cx_pipiens:NC_068938.1:145081008-145501387
298	1	1	chr2	208858		False	Cx_pallens_vs_Cx_pipiens	Cx_pallens_vs_Cx_pipiens:NC_068938.1:153616750-153825608
299	1	1	chr3	534675		False	Cx_pallens_vs_Cx_pipiens	Cx_pallens_vs_Cx_pipiens:NC_068939.1:25465033-25999708
300	1	1	chr3	191048		False	Cx_pallens_vs_Cx_pipiens	Cx_pallens_vs_Cx_pipiens:NC_068939.1:91041023-91232071
301	1	1	chr3	545632		False	Cx_pallens_vs_Cx_pipiens	Cx_pallens_vs_Cx_pipiens:NC_068939.1:95725954-96271586
302	1	1	chr3	423225		False	Cx_pallens_vs_Cx_pipiens	Cx_pallens_vs_Cx_pipiens:NC_068939.1:116323109-116746335
303	1	1	chr3	104088		False	Cx_pallens_vs_Cx_pipiens	Cx_pallens_vs_Cx_pipiens:NC_068939.1:130252702-130356791
304	1	1	chr1	213340		False	Cx_pallens_vs_Cx_pipiens	Cx_pallens_vs_Cx_pipiens:NC_068937.1:63909989-64123329
305	1	1	chr1	353385		False	Cx_pallens_vs_Cx_pipiens	Cx_pallens_vs_Cx_pipiens:NC_068937.1:64146056-64499442
306	1	1	chr1	174730		False	Cx_pallens_vs_Cx_pipiens	Cx_pallens_vs_Cx_pipiens:NC_068937.1:65331460-65506190
307	1	1	chr1	392091		False	Cx_pallens_vs_Cx_pipiens	Cx_pallens_vs_Cx_pipiens:NC_068937.1:66399290-66791381
308	1	1	chr1	187556		False	Cx_pallens_vs_Cx_pipiens	Cx_pallens_vs_Cx_pipiens:NC_068937.1:66816818-67004374
309	1	1	chr1	1105336		True	Cx_pallens_vs_Cx_pipiens	Cx_pallens_vs_Cx_pipiens:NC_068937.1:67093819-68199155
310	1	1	chr1	186626		False	Cx_pallens_vs_Cx_pipiens	Cx_pallens_vs_Cx_pipiens:NC_068937.1:69154393-69341019
311	1	1	chr1	776001		False	Cx_pallens_vs_Cx_pipiens	Cx_pallens_vs_Cx_pipiens:NC_068937.1:71309989-72085990
312	1	1	chr1	267694		False	Cx_pallens_vs_Cx_pipiens	Cx_pallens_vs_Cx_pipiens:NC_068937.1:76929016-77196710
313	1	1	chr1	184711		False	Cx_pallens_vs_Cx_pipiens	Cx_pallens_vs_Cx_pipiens:NC_068937.1:78256678-78441389
314	1	1	chr1	110571		False	Cx_pallens_vs_Cx_pipiens	Cx_pallens_vs_Cx_pipiens:NC_068937.1:80687568-80798139
315	1	1	chr1	156511		False	Cx_pallens_vs_Cx_pipiens	Cx_pallens_vs_Cx_pipiens:NC_068937.1:81266963-81423474
316	1	1	chr1	221906		False	Cx_pallens_vs_Cx_pipiens	Cx_pallens_vs_Cx_pipiens:NC_068937.1:81643477-81865383
317	1	1	chr1	144479		False	Cx_pallens_vs_Cx_pipiens	Cx_pallens_vs_Cx_pipiens:NC_068937.1:81876319-82020798
318	1	1	chr1	165490		False	Cx_pallens_vs_Cx_pipiens	Cx_pallens_vs_Cx_pipiens:NC_068937.1:82116028-82281519
319	1	1	chr1	244958		False	Cx_pallens_vs_Cx_pipiens	Cx_pallens_vs_Cx_pipiens:NC_068937.1:89482717-89727675
320	1	1	chr1	932440		False	Cx_pallens_vs_Cx_pipiens	Cx_pallens_vs_Cx_pipiens:NC_068937.1:90825712-91758152
321	1	1	chr1	122450		False	Cx_pallens_vs_Cx_pipiens	Cx_pallens_vs_Cx_pipiens:NC_068937.1:102462119-102584570
322	1	1	chr1	248956		False	Cx_pallens_vs_Cx_pipiens	Cx_pallens_vs_Cx_pipiens:NC_068937.1:105826087-106075043
323	1	1	chr1	294079		False	Cx_pallens_vs_Cx_pipiens	Cx_pallens_vs_Cx_pipiens:NC_068937.1:110323423-110617502
324	2	2	chr1	503633	Cx_pipiens	False	Cx_molestus_vs_Cx_pipiens;Cx_pallens_vs_Cx_pipiens	Cx_pallens_vs_Cx_pipiens:NC_068937.1:127216479-127436157;Cx_molestus_vs_Cx_pipiens:CM044968.1:13293022-13796655
325	1	1	chr2	239043		False	Cx_molestus_vs_Cx_pipiens	Cx_molestus_vs_Cx_pipiens:CM044969.1:18241197-18480241
326	1	1	chr2	473629		False	Cx_molestus_vs_Cx_pipiens	Cx_molestus_vs_Cx_pipiens:CM044969.1:23710733-24184362
327	1	1	chr2	192407		False	Cx_molestus_vs_Cx_pipiens	Cx_molestus_vs_Cx_pipiens:CM044969.1:45238957-45431364
328	1	1	chr2	196100		False	Cx_molestus_vs_Cx_pipiens	Cx_molestus_vs_Cx_pipiens:CM044969.1:45470063-45666163
329	1	1	chr2	129968		False	Cx_molestus_vs_Cx_pipiens	Cx_molestus_vs_Cx_pipiens:CM044969.1:45755168-45885136
330	1	1	chr2	160859		False	Cx_molestus_vs_Cx_pipiens	Cx_molestus_vs_Cx_pipiens:CM044969.1:48611584-48772443
331	1	1	chr2	158774		False	Cx_molestus_vs_Cx_pipiens	Cx_molestus_vs_Cx_pipiens:CM044969.1:48777027-48935801
332	1	1	chr2	221973		False	Cx_molestus_vs_Cx_pipiens	Cx_molestus_vs_Cx_pipiens:CM044969.1:73301110-73523083
333	1	1	chr2	531330		False	Cx_molestus_vs_Cx_pipiens	Cx_molestus_vs_Cx_pipiens:CM044969.1:95757507-96288837
334	1	1	chr2	159195		False	Cx_molestus_vs_Cx_pipiens	Cx_molestus_vs_Cx_pipiens:CM044969.1:98687949-98847145
335	1	1	chr2	111600		False	Cx_molestus_vs_Cx_pipiens	Cx_molestus_vs_Cx_pipiens:CM044969.1:101706722-101818323
336	1	1	chr2	101875		False	Cx_molestus_vs_Cx_pipiens	Cx_molestus_vs_Cx_pipiens:CM044969.1:102387473-102489349
337	1	1	chr2	513794		False	Cx_molestus_vs_Cx_pipiens	Cx_molestus_vs_Cx_pipiens:CM044969.1:127288859-127802654
338	1	1	chr2	113044		False	Cx_molestus_vs_Cx_pipiens	Cx_molestus_vs_Cx_pipiens:CM044969.1:138384141-138497185
339	1	1	chr2	126333		False	Cx_molestus_vs_Cx_pipiens	Cx_molestus_vs_Cx_pipiens:CM044969.1:145927530-146053864
340	1	1	chr2	384129		False	Cx_molestus_vs_Cx_pipiens	Cx_molestus_vs_Cx_pipiens:CM044969.1:152769571-153153700
341	1	1	chr2	142898		False	Cx_molestus_vs_Cx_pipiens	Cx_molestus_vs_Cx_pipiens:CM044969.1:184303475-184446373
342	1	1	chr2	234776		False	Cx_molestus_vs_Cx_pipiens	Cx_molestus_vs_Cx_pipiens:CM044969.1:184932995-185167772
343	1	1	chr2	220343		False	Cx_molestus_vs_Cx_pipiens	Cx_molestus_vs_Cx_pipiens:CM044969.1:186462960-186683303
344	1	1	chr2	140962		False	Cx_molestus_vs_Cx_pipiens	Cx_molestus_vs_Cx_pipiens:CM044969.1:194301618-194442581
345	1	1	chr2	152231		False	Cx_molestus_vs_Cx_pipiens	Cx_molestus_vs_Cx_pipiens:CM044969.1:206872080-207024311
346	1	1	chr2	217516		False	Cx_molestus_vs_Cx_pipiens	Cx_molestus_vs_Cx_pipiens:CM044969.1:207773632-207991148
347	1	1	chr3	257533		False	Cx_molestus_vs_Cx_pipiens	Cx_molestus_vs_Cx_pipiens:CM044970.1:31946078-32203611
348	1	1	chr3	308691		False	Cx_molestus_vs_Cx_pipiens	Cx_molestus_vs_Cx_pipiens:CM044970.1:38374819-38683511
349	1	1	chr3	249781		False	Cx_molestus_vs_Cx_pipiens	Cx_molestus_vs_Cx_pipiens:CM044970.1:50839054-51088835
350	1	1	chr3	277496		False	Cx_molestus_vs_Cx_pipiens	Cx_molestus_vs_Cx_pipiens:CM044970.1:52055688-52333184
351	1	1	chr3	192699		False	Cx_molestus_vs_Cx_pipiens	Cx_molestus_vs_Cx_pipiens:CM044970.1:52843175-53035874
352	1	1	chr3	133154		False	Cx_molestus_vs_Cx_pipiens	Cx_molestus_vs_Cx_pipiens:CM044970.1:80887754-81020909
353	1	1	chr3	555928		False	Cx_molestus_vs_Cx_pipiens	Cx_molestus_vs_Cx_pipiens:CM044970.1:99201533-99757461
354	1	1	chr3	278197		False	Cx_molestus_vs_Cx_pipiens	Cx_molestus_vs_Cx_pipiens:CM044970.1:100774637-101052835
355	1	1	chr3	336731		False	Cx_molestus_vs_Cx_pipiens	Cx_molestus_vs_Cx_pipiens:CM044970.1:101470235-101806966
356	1	1	chr3	256481		False	Cx_molestus_vs_Cx_pipiens	Cx_molestus_vs_Cx_pipiens:CM044970.1:103952098-104208579
357	1	1	chr3	1272932		True	Cx_molestus_vs_Cx_pipiens	Cx_molestus_vs_Cx_pipiens:CM044970.1:104411069-105684001
358	1	1	chr3	152078		False	Cx_molestus_vs_Cx_pipiens	Cx_molestus_vs_Cx_pipiens:CM044970.1:106467435-106619514
359	1	1	chr3	197702		False	Cx_molestus_vs_Cx_pipiens	Cx_molestus_vs_Cx_pipiens:CM044970.1:106981147-107178850
360	1	1	chr3	103410		False	Cx_molestus_vs_Cx_pipiens	Cx_molestus_vs_Cx_pipiens:CM044970.1:107467497-107570907
361	1	1	chr3	118038		False	Cx_molestus_vs_Cx_pipiens	Cx_molestus_vs_Cx_pipiens:CM044970.1:107754613-107872652
362	1	1	chr3	182606		False	Cx_molestus_vs_Cx_pipiens	Cx_molestus_vs_Cx_pipiens:CM044970.1:108065121-108247727
363	1	1	chr3	156629		False	Cx_molestus_vs_Cx_pipiens	Cx_molestus_vs_Cx_pipiens:CM044970.1:109469619-109626248
364	1	1	chr3	654511		False	Cx_molestus_vs_Cx_pipiens	Cx_molestus_vs_Cx_pipiens:CM044970.1:110490353-111144864
365	1	1	chr3	217649		False	Cx_molestus_vs_Cx_pipiens	Cx_molestus_vs_Cx_pipiens:CM044970.1:114264669-114482318
366	1	1	chr3	158029		False	Cx_molestus_vs_Cx_pipiens	Cx_molestus_vs_Cx_pipiens:CM044970.1:115042569-115200599
367	1	1	chr3	187426		False	Cx_molestus_vs_Cx_pipiens	Cx_molestus_vs_Cx_pipiens:CM044970.1:116282468-116469894
368	1	1	chr3	220942		False	Cx_molestus_vs_Cx_pipiens	Cx_molestus_vs_Cx_pipiens:CM044970.1:117132967-117353909
369	1	1	chr3	120983		False	Cx_molestus_vs_Cx_pipiens	Cx_molestus_vs_Cx_pipiens:CM044970.1:120109497-120230480
370	1	1	chr3	233753		False	Cx_molestus_vs_Cx_pipiens	Cx_molestus_vs_Cx_pipiens:CM044970.1:127417740-127651493
371	1	1	chr3	207299		False	Cx_molestus_vs_Cx_pipiens	Cx_molestus_vs_Cx_pipiens:CM044970.1:152571411-152778710
372	1	1	chr3	147282		False	Cx_molestus_vs_Cx_pipiens	Cx_molestus_vs_Cx_pipiens:CM044970.1:153329489-153476772
373	1	1	chr3	124625		False	Cx_molestus_vs_Cx_pipiens	Cx_molestus_vs_Cx_pipiens:CM044970.1:155179664-155304290
374	1	1	chr3	123888		False	Cx_molestus_vs_Cx_pipiens	Cx_molestus_vs_Cx_pipiens:CM044970.1:159081465-159205354
375	1	1	chr3	121278		False	Cx_molestus_vs_Cx_pipiens	Cx_molestus_vs_Cx_pipiens:CM044970.1:167065408-167186686
376	1	1	chr3	179625		False	Cx_molestus_vs_Cx_pipiens	Cx_molestus_vs_Cx_pipiens:CM044970.1:168771274-168950899
377	1	1	chr3	176668		False	Cx_molestus_vs_Cx_pipiens	Cx_molestus_vs_Cx_pipiens:CM044970.1:200411807-200588476
378	1	1	chr1	516236		False	Cx_molestus_vs_Cx_pipiens	Cx_molestus_vs_Cx_pipiens:CM044968.1:882853-1399089
379	1	1	chr1	411144		False	Cx_molestus_vs_Cx_pipiens	Cx_molestus_vs_Cx_pipiens:CM044968.1:28750595-29161739
380	1	1	chr1	369871		False	Cx_molestus_vs_Cx_pipiens	Cx_molestus_vs_Cx_pipiens:CM044968.1:37149383-37519254
381	1	1	chr1	261000		False	Cx_molestus_vs_Cx_pipiens	Cx_molestus_vs_Cx_pipiens:CM044968.1:43905413-44166413
382	1	1	chr1	318917		False	Cx_molestus_vs_Cx_pipiens	Cx_molestus_vs_Cx_pipiens:CM044968.1:47012545-47331462
383	1	1	chr1	269442		False	Cx_molestus_vs_Cx_pipiens	Cx_molestus_vs_Cx_pipiens:CM044968.1:49223714-49493156
384	1	1	chr1	229315		False	Cx_molestus_vs_Cx_pipiens	Cx_molestus_vs_Cx_pipiens:CM044968.1:50520132-50749447
385	1	1	chr1	101345		False	Cx_molestus_vs_Cx_pipiens	Cx_molestus_vs_Cx_pipiens:CM044968.1:51912323-52013669
386	1	1	chr1	324886		False	Cx_molestus_vs_Cx_pipiens	Cx_molestus_vs_Cx_pipiens:CM044968.1:56897172-57222059
387	1	1	chr1	155646		False	Cx_molestus_vs_Cx_pipiens	Cx_molestus_vs_Cx_pipiens:CM044968.1:57576667-57732313
388	1	1	chr1	136978		False	Cx_molestus_vs_Cx_pipiens	Cx_molestus_vs_Cx_pipiens:CM044968.1:61777761-61914740
389	1	1	chr1	108466		False	Cx_molestus_vs_Cx_pipiens	Cx_molestus_vs_Cx_pipiens:CM044968.1:71501912-71610378
390	1	1	chr1	489814		False	Cx_molestus_vs_Cx_pipiens	Cx_molestus_vs_Cx_pipiens:CM044968.1:74638556-75128371
391	1	1	chr1	123741		False	Cx_molestus_vs_Cx_pipiens	Cx_molestus_vs_Cx_pipiens:CM044968.1:98870366-98994107
392	1	1	chr1	259789		False	Cx_molestus_vs_Cx_pipiens	Cx_molestus_vs_Cx_pipiens:CM044968.1:110087582-110347372
