orthogroup	form	is_reference_form	n_ingroup_genes	n_outgroup_genes	genes	gene_ids	same_gene_forms	same_gene_orthogroups	same_gene_compartments	in_reference_elsewhere	status
OG0000600	Cx_quinquefasciatus	True	3	5	rna-XM_0382508371,rna-XM_0382606961,rna-XM_0382610831	gene-LOC119766346,gene-LOC119768907,gene-LOC119769179	Cx_molestus,Cx_pallens,Cx_pipiens	unassigned	unassigned	False	same_gene_elsewhere
OG0001032	Cx_quinquefasciatus	True	7	0	rna-XM_0382506301,rna-XM_0382506311,rna-XM_0382506321,rna-XM_0382506351,rna-XM_0382506361,rna-XM_0382506381,rna-XM_0382506401	gene-LOC119766197,gene-LOC119766198,gene-LOC119766199,gene-LOC119766201,gene-LOC119766202,gene-LOC119766203,gene-LOC119766205	Cx_molestus,Cx_pallens,Cx_pipiens	OG0000114,OG0000899,OG0013278	core,shell	False	same_gene_elsewhere
OG0001049	Cx_pallens	False	1	5	rna-XM_0382619671	gene-LOC119769460	Cx_molestus,Cx_pipiens,Cx_quinquefasciatus	OG0000106	core	True	same_gene_elsewhere
OG0001142	Cx_pipiens	False	1	5	rna-XM_0018454482	gene-LOC6035279	Cx_molestus,Cx_pallens,Cx_quinquefasciatus	OG0012821,unassigned	cloud,unassigned	True	same_gene_elsewhere
OG0001873	Cx_quinquefasciatus	True	1	4	rna-XM_0018418252	gene-LOC6031025				False	no_counterpart
OG0002078	Cx_quinquefasciatus	True	1	4	rna-XM_0018459252	gene-LOC6035863	Cx_molestus,Cx_pallens,Cx_pipiens	OG0012129	shell	False	same_gene_elsewhere
OG0002155	Cx_quinquefasciatus	True	1	4	rna-XM_0382579911	gene-LOC6034555	Cx_molestus,Cx_pallens,Cx_pipiens	OG0010027	shell	False	same_gene_elsewhere
OG0008755	Cx_quinquefasciatus	True	1	3	rna-XM_0382621981	gene-LOC119769504				False	no_counterpart
OG0008774	Cx_quinquefasciatus	True	1	3	rna-XM_0382506771	gene-LOC119766237	Cx_molestus,Cx_pallens,Cx_pipiens	OG0000033	core	False	same_gene_elsewhere
OG0008887	Cx_quinquefasciatus	True	1	3	rna-XM_0382552641	gene-LOC119767210	Cx_molestus,Cx_pallens,Cx_pipiens	OG0011964	shell	False	same_gene_elsewhere
OG0008937	Cx_quinquefasciatus	True	1	3	rna-XM_0382550511	gene-LOC119767166	Cx_pipiens	unassigned	unassigned	False	same_gene_elsewhere
OG0011749	Cx_quinquefasciatus	True	1	3	rna-XM_0382547311	gene-LOC6039971	Cx_molestus,Cx_pallens,Cx_pipiens	OG0012196	shell	False	same_gene_elsewhere
OG0011754	Cx_quinquefasciatus	True	1	3	rna-XM_0382508491	gene-LOC6044531	Cx_molestus,Cx_pallens,Cx_pipiens	OG0012268	shell	False	same_gene_elsewhere
OG0011755	Cx_quinquefasciatus	True	1	3	rna-XM_0382486781	gene-LOC6038319	Cx_molestus,Cx_pallens,Cx_pipiens	OG0012168	shell	False	same_gene_elsewhere
OG0011760	Cx_quinquefasciatus	True	1	2	rna-XM_0382645331	gene-LOC119770152	Cx_molestus,Cx_pallens,Cx_pipiens	OG0008731	shell	False	same_gene_elsewhere
OG0011761	Cx_quinquefasciatus	True	1	2	rna-XM_0382609691	gene-LOC119769071	Cx_molestus,Cx_pallens,Cx_pipiens	OG0000254,OG0000290	core,shell	False	same_gene_elsewhere
OG0011767	Cx_pipiens	False	2	1	rna-XM_0382608501,rna-XM_0382613061	gene-LOC119768983,gene-LOC119769316	Cx_molestus,Cx_pallens,Cx_quinquefasciatus	OG0000076,unassigned	core,unassigned	True	same_gene_elsewhere
OG0011771	Cx_quinquefasciatus	True	2	1	rna-XM_0382492051,rna-XM_0382668441	gene-LOC6053041,gene-LOC6053042	Cx_molestus,Cx_pallens,Cx_pipiens	OG0010565,OG0013495	shell	False	same_gene_elsewhere
OG0011783	Cx_quinquefasciatus	True	2	1	rna-XM_0382509851,rna-XM_0382665701	gene-LOC119771147,gene-LOC6031282	Cx_molestus,Cx_pallens,Cx_pipiens	OG0002982,unassigned	shell,unassigned	False	same_gene_elsewhere
OG0011798	Cx_quinquefasciatus	True	1	2	rna-XM_0382652301	gene-LOC6041000	Cx_molestus,Cx_pallens,Cx_pipiens	OG0012216	shell	False	same_gene_elsewhere
OG0011799	Cx_quinquefasciatus	True	1	2	rna-XM_0382503381	gene-LOC6035425	Cx_pallens,Cx_pipiens	unassigned	unassigned	False	same_gene_elsewhere
OG0011801	Cx_quinquefasciatus	True	1	2	rna-XM_0382658591	gene-LOC6051692	Cx_pallens,Cx_pipiens	unassigned	unassigned	False	same_gene_elsewhere
OG0011803	Cx_quinquefasciatus	True	1	2	rna-XM_0382611211	gene-LOC6042849	Cx_molestus,Cx_pallens,Cx_pipiens	OG0012248	shell	False	same_gene_elsewhere
OG0011823	Cx_quinquefasciatus	True	2	1	rna-XM_0382505121,rna-XM_0382547251	gene-LOC119766114,gene-LOC119767098	Cx_molestus,Cx_pallens,Cx_pipiens	OG0001165	shell	False	same_gene_elsewhere
OG0011832	Cx_quinquefasciatus	True	1	2	rna-XM_0382627661	gene-LOC6042801	Cx_molestus,Cx_pallens,Cx_pipiens	OG0012247	shell	False	same_gene_elsewhere
OG0011839	Cx_quinquefasciatus	True	1	2	rna-XM_0382488021	gene-LOC119765271	Cx_molestus	unassigned	unassigned	False	same_gene_elsewhere
OG0011846	Cx_quinquefasciatus	True	1	2	rna-XM_0382482291	gene-LOC6051537	Cx_pallens,Cx_pipiens	OG0013491	shell	False	same_gene_elsewhere
OG0011853	Cx_quinquefasciatus	True	2	1	rna-XM_0018457152,rna-XM_0382610941	gene-LOC6035618,gene-LOC6048936	Cx_molestus,Cx_pallens,Cx_pipiens	OG0012124,OG0012339	shell	False	same_gene_elsewhere
OG0011860	Cx_quinquefasciatus	True	2	1	rna-XM_0382507251,rna-XM_0382530961	gene-LOC119766159,gene-LOC119766866	Cx_molestus,Cx_pallens,Cx_pipiens	OG0002687	shell	False	same_gene_elsewhere
OG0011862	Cx_quinquefasciatus	True	2	1	rna-XM_0382482481,rna-XM_0382665261	gene-LOC119765095,gene-LOC6051582	Cx_molestus,Cx_pallens,Cx_pipiens	OG0002608,OG0012367	core,shell	False	same_gene_elsewhere
OG0011868	Cx_quinquefasciatus	True	1	2	rna-XM_0382485411	gene-LOC119765182	Cx_pipiens	unassigned	unassigned	False	same_gene_elsewhere
OG0011879	Cx_pipiens	False	1	2	rna-XM_0018473252	gene-LOC6037522	Cx_molestus,Cx_pallens,Cx_quinquefasciatus	OG0012835,unassigned	cloud,unassigned	True	same_gene_elsewhere
OG0011881	Cx_pallens	False	1	2	rna-XM_0382492911	gene-LOC6048863	Cx_molestus,Cx_pipiens,Cx_quinquefasciatus	OG0012842,unassigned	cloud,unassigned	True	same_gene_elsewhere
OG0012494	Cx_pallens	False	3	0	rna-XM_0018424352,rna-XM_0382582811,rna-XM_0382612951	gene-LOC6031776,gene-LOC6031777,gene-LOC6050573	Cx_molestus,Cx_pipiens,Cx_quinquefasciatus	OG0000846,OG0008853,OG0008854	core,shell	True	same_gene_elsewhere
OG0012531	Cx_pallens	False	1	2	rna-XM_0382608611	gene-LOC6037596	Cx_molestus,Cx_pipiens,Cx_quinquefasciatus	OG0012157	shell	True	same_gene_elsewhere
OG0012557	Cx_pallens	False	3	0	rna-XM_0382539391,rna-XM_0382555901,rna-XM_0382556001	gene-LOC6041296,gene-LOC6047780,gene-LOC6054790	Cx_molestus,Cx_pipiens,Cx_quinquefasciatus	OG0008765,OG0008766,OG0011786,unassigned	shell,unassigned	True	same_gene_elsewhere
OG0012646	Cx_quinquefasciatus	True	1	2	rna-XM_0382562661	gene-LOC6040362	Cx_molestus,Cx_pallens,Cx_pipiens	OG0013107,unassigned	shell,unassigned	False	same_gene_elsewhere
OG0012655	Cx_quinquefasciatus	True	1	2	rna-XM_0382640121	gene-LOC6050393	Cx_molestus,Cx_pallens,Cx_pipiens	OG0012354	shell	False	same_gene_elsewhere
OG0012658	Cx_quinquefasciatus	True	1	2	rna-XM_0382508111	gene-LOC6038629	Cx_molestus,Cx_pallens,Cx_pipiens	OG0012174	shell	False	same_gene_elsewhere
OG0012659	Cx_quinquefasciatus	True	1	2	rna-XM_0382521021	gene-LOC6033293	Cx_molestus,Cx_pallens,Cx_pipiens	OG0013361,unassigned	shell,unassigned	False	same_gene_elsewhere
OG0012668	Cx_quinquefasciatus	True	1	2	rna-XM_0018667972	gene-LOC6050189	Cx_molestus,Cx_pallens,Cx_pipiens	OG0012351	shell	False	same_gene_elsewhere
OG0012672	Cx_quinquefasciatus	True	1	2	rna-XM_0382598151	gene-LOC6035027	Cx_molestus,Cx_pallens,Cx_pipiens	OG0012114	shell	False	same_gene_elsewhere
OG0012692	Cx_quinquefasciatus	True	1	2	rna-XM_0382632141	gene-LOC6035816	Cx_molestus,Cx_pallens,Cx_pipiens	OG0012127	shell	False	same_gene_elsewhere
OG0012707	Cx_quinquefasciatus	True	2	1	rna-XM_0382490371,rna-XM_0382501321	gene-LOC119765340,gene-LOC6033978	Cx_molestus,Cx_pallens,Cx_pipiens	OG0012891,unassigned	shell,unassigned	False	same_gene_elsewhere
OG0012714	Cx_quinquefasciatus	True	2	1	rna-XM_0382496401,rna-XM_0382623181	gene-LOC119765545,gene-LOC6035055	Cx_molestus,Cx_pallens,Cx_pipiens	OG0012117	shell	False	same_gene_elsewhere
OG0012716	Cx_quinquefasciatus	True	1	2	rna-XM_0382492091	gene-LOC6032196	Cx_molestus,Cx_pallens,Cx_pipiens	OG0012082	shell	False	same_gene_elsewhere
OG0012718	Cx_quinquefasciatus	True	2	1	rna-XM_0018465932,rna-XM_0382660731	gene-LOC119770700,gene-LOC6036613	Cx_molestus,Cx_pallens	unassigned	unassigned	False	same_gene_elsewhere
OG0012724	Cx_quinquefasciatus	True	1	2	rna-XM_0018501702	gene-LOC6040894	Cx_molestus,Cx_pallens,Cx_pipiens	OG0012210	shell	False	same_gene_elsewhere
OG0012740	Cx_quinquefasciatus	True	1	1	rna-XM_0382508901	gene-LOC119766383	Cx_molestus,Cx_pallens,Cx_pipiens	OG0011931	shell	False	same_gene_elsewhere
OG0012753	Cx_pipiens	False	1	1	rna-XM_0382508831	gene-LOC119766378	Cx_molestus,Cx_pallens,Cx_quinquefasciatus	OG0001682,OG0011768,unassigned	core,shell,unassigned	True	same_gene_elsewhere
OG0012757	Cx_molestus	False	1	1	rna-XM_0382640611	gene-LOC119770016	Cx_pallens,Cx_pipiens,Cx_quinquefasciatus	OG0000024	core	True	same_gene_elsewhere
OG0012759	Cx_quinquefasciatus	True	1	1	rna-XM_0382510331	gene-LOC6048495	Cx_molestus,Cx_pallens,Cx_pipiens	OG0013465,unassigned	shell,unassigned	False	same_gene_elsewhere
OG0012760	Cx_quinquefasciatus	True	1	1	rna-XM_0382482691	gene-LOC6046440	Cx_molestus,Cx_pallens,Cx_pipiens	OG0012296	shell	False	same_gene_elsewhere
OG0012763	Cx_quinquefasciatus	True	1	1	rna-XM_0382610961	gene-LOC119769187	Cx_molestus,Cx_pallens,Cx_pipiens	unassigned	unassigned	False	same_gene_elsewhere
OG0012764	Cx_quinquefasciatus	True	1	1	rna-XM_0018467222	gene-LOC6036778				False	no_counterpart
OG0012767	Cx_quinquefasciatus	True	1	1	rna-XM_0382646451	gene-LOC119770196	Cx_molestus,Cx_pallens,Cx_pipiens	OG0000592,OG0001713	core	False	same_gene_elsewhere
OG0012769	Cx_quinquefasciatus	True	1	1	rna-XM_0382567931	gene-LOC6038115	Cx_molestus,Cx_pallens,Cx_pipiens	OG0012166	shell	False	same_gene_elsewhere
OG0012771	Cx_quinquefasciatus	True	2	0	rna-XM_0018474122,rna-XM_0382551301	gene-LOC6037566,gene-LOC6048602	Cx_molestus,Cx_pallens,Cx_pipiens	OG0000377,OG0013209	core,shell	False	same_gene_elsewhere
OG0012772	Cx_quinquefasciatus	True	1	1	rna-XM_0382629371	gene-LOC6047254	Cx_molestus,Cx_pallens,Cx_pipiens	OG0012314	shell	False	same_gene_elsewhere
OG0012773	Cx_quinquefasciatus	True	1	1	rna-XM_0382660701	gene-LOC6050607	Cx_molestus,Cx_pallens,Cx_pipiens	OG0013486,unassigned	shell,unassigned	False	same_gene_elsewhere
OG0012774	Cx_quinquefasciatus	True	1	1	rna-XM_0382586201	gene-LOC6048354	Cx_molestus,Cx_pallens,Cx_pipiens	OG0012325	shell	False	same_gene_elsewhere
OG0012775	Cx_quinquefasciatus	True	1	1	rna-XM_0018416552	gene-LOC6030795	Cx_molestus,Cx_pallens,Cx_pipiens	OG0012060	shell	False	same_gene_elsewhere
OG0012778	Cx_quinquefasciatus	True	1	1	rna-XM_0382577541	gene-LOC6035181	Cx_molestus,Cx_pallens,Cx_pipiens	OG0010078	shell	False	same_gene_elsewhere
OG0012779	Cx_molestus	False	2	0	rna-XM_0382570751,rna-XM_0382658581	gene-LOC6035110,gene-LOC6054403	Cx_pallens,Cx_pipiens,Cx_quinquefasciatus	OG0000833,OG0010078,OG0011802	shell	True	same_gene_elsewhere
OG0012780	Cx_molestus	False	1	1	rna-XM_0018676472	gene-LOC6051206	Cx_pallens,Cx_pipiens,Cx_quinquefasciatus	OG0000609	core	True	same_gene_elsewhere
OG0012781	Cx_quinquefasciatus	True	1	1	rna-XM_0018679022	gene-LOC6051500				False	no_counterpart
OG0012782	Cx_quinquefasciatus	True	1	1	rna-XM_0382668781	gene-LOC6052492	Cx_molestus,Cx_pallens,Cx_pipiens	OG0012382	shell	False	same_gene_elsewhere
OG0012785	Cx_quinquefasciatus	True	1	1	rna-XM_0382666551	gene-LOC6037939	Cx_molestus,Cx_pallens,Cx_pipiens	OG0012162	shell	False	same_gene_elsewhere
OG0012786	Cx_quinquefasciatus	True	1	1	rna-XM_0382500891	gene-LOC119765893	Cx_molestus,Cx_pallens,Cx_pipiens	OG0011908	shell	False	same_gene_elsewhere
OG0012787	Cx_quinquefasciatus	True	1	1	rna-XM_0382659641	gene-LOC6041750				False	no_counterpart
OG0012789	Cx_quinquefasciatus	True	1	1	rna-XM_0382509871	gene-LOC6031269	Cx_molestus,Cx_pallens,Cx_pipiens	OG0009796	shell	False	same_gene_elsewhere
OG0012790	Cx_pallens	False	1	1	rna-XM_0382503441	gene-LOC6039631	Cx_molestus,Cx_pipiens,Cx_quinquefasciatus	OG0011817	shell	True	same_gene_elsewhere
OG0012791	Cx_pipiens	False	1	1	rna-XM_0382623991	gene-LOC6034616	Cx_molestus,Cx_pallens,Cx_quinquefasciatus	OG0011819,unassigned	shell,unassigned	True	same_gene_elsewhere
OG0012792	Cx_quinquefasciatus	True	1	1	rna-XM_0382627461	gene-LOC6038977	Cx_molestus,Cx_pallens,Cx_pipiens	OG0010339	shell	False	same_gene_elsewhere
OG0012793	Cx_quinquefasciatus	True	1	1	rna-XM_0382540461	gene-LOC6037255	Cx_molestus,Cx_pallens,Cx_pipiens	OG0012152	shell	False	same_gene_elsewhere
OG0012794	Cx_quinquefasciatus	True	1	1	rna-XM_0382612831	gene-LOC6048596	Cx_molestus,Cx_pallens,Cx_pipiens	OG0012330	shell	False	same_gene_elsewhere
OG0012795	Cx_quinquefasciatus	True	1	1	rna-XM_0382554651	gene-LOC6048970	Cx_molestus,Cx_pallens,Cx_pipiens	OG0011826	shell	False	same_gene_elsewhere
OG0012796	Cx_quinquefasciatus	True	1	1	rna-XM_0018683852	gene-LOC6052094	Cx_molestus,Cx_pallens,Cx_pipiens	OG0012375	shell	False	same_gene_elsewhere
OG0012797	Cx_quinquefasciatus	True	1	1	rna-XM_0382548551	gene-LOC6049832	Cx_pallens	unassigned	unassigned	False	same_gene_elsewhere
OG0012799	Cx_quinquefasciatus	True	1	1	rna-XM_0382592001	gene-LOC6051011	Cx_molestus,Cx_pallens,Cx_pipiens	OG0012363	shell	False	same_gene_elsewhere
OG0012800	Cx_quinquefasciatus	True	1	1	rna-XM_0382592051	gene-LOC6051016	Cx_molestus,Cx_pallens,Cx_pipiens	OG0012798,unassigned	shell,unassigned	False	same_gene_elsewhere
OG0012801	Cx_quinquefasciatus	True	1	1	rna-XM_0382504961	gene-LOC6045442	Cx_molestus,Cx_pallens,Cx_pipiens	OG0002079	core	False	same_gene_elsewhere
OG0012802	Cx_quinquefasciatus	True	1	1	rna-XM_0382570031	gene-LOC6040178				False	no_counterpart
OG0012803	Cx_quinquefasciatus	True	1	1	rna-XM_0018642832	gene-LOC6047234	Cx_molestus,Cx_pallens,Cx_pipiens	OG0012311	shell	False	same_gene_elsewhere
OG0012804	Cx_quinquefasciatus	True	1	1	rna-XM_0382611461	gene-LOC119769222	Cx_molestus,Cx_pallens,Cx_pipiens	OG0000859,OG0012952	core,shell	False	same_gene_elsewhere
OG0012805	Cx_quinquefasciatus	True	1	1	rna-XM_0382601651	gene-LOC119768820				False	no_counterpart
OG0012806	Cx_quinquefasciatus	True	1	1	rna-XM_0382510881	gene-LOC6046114	Cx_molestus,Cx_pallens,Cx_pipiens	OG0008893	shell	False	same_gene_elsewhere
OG0012807	Cx_quinquefasciatus	True	1	1	rna-XM_0382509541	gene-LOC6032662	Cx_molestus,Cx_pallens,Cx_pipiens	OG0012086	shell	False	same_gene_elsewhere
OG0012808	Cx_quinquefasciatus	True	1	1	rna-XM_0382594621	gene-LOC6030944	Cx_molestus,Cx_pipiens	unassigned	unassigned	False	same_gene_elsewhere
OG0012809	Cx_quinquefasciatus	True	1	1	rna-XM_0382621441	gene-LOC6046675	Cx_molestus,Cx_pallens,Cx_pipiens	OG0012301	shell	False	same_gene_elsewhere
OG0012810	Cx_quinquefasciatus	True	1	1	rna-XM_0382620081	gene-LOC119769465	Cx_molestus,Cx_pallens,Cx_pipiens	OG0012960,unassigned	shell,unassigned	False	same_gene_elsewhere
OG0012812	Cx_quinquefasciatus	True	1	1	rna-XM_0382556451	gene-LOC6033197	Cx_molestus,Cx_pallens,Cx_pipiens	OG0012092	shell	False	same_gene_elsewhere
OG0012813	Cx_quinquefasciatus	True	1	1	rna-XM_0382510811	gene-LOC119766496				False	no_counterpart
OG0012814	Cx_quinquefasciatus	True	1	1	rna-XM_0382597481	gene-LOC6042901	Cx_molestus,Cx_pipiens	OG0013142	shell	False	same_gene_elsewhere
OG0012815	Cx_quinquefasciatus	True	1	1	rna-XM_0382542101	gene-LOC6053204	Cx_molestus,Cx_pallens,Cx_pipiens	OG0013498,unassigned	shell,unassigned	False	same_gene_elsewhere
OG0012816	Cx_quinquefasciatus	True	1	1	rna-XM_0382508851	gene-LOC6047776	Cx_molestus,Cx_pallens,Cx_pipiens	OG0012316	shell	False	same_gene_elsewhere
OG0012817	Cx_quinquefasciatus	True	1	1	rna-XM_0018443692	gene-LOC6034041	Cx_molestus,Cx_pallens,Cx_pipiens	OG0012099	shell	False	same_gene_elsewhere
OG0012818	Cx_quinquefasciatus	True	1	1	rna-XM_0018480132	gene-LOC6038239	Cx_pallens,Cx_pipiens	OG0013400	shell	False	same_gene_elsewhere
OG0012819	Cx_quinquefasciatus	True	1	1	rna-XM_0382664951	gene-LOC119771102	Cx_molestus,Cx_pallens,Cx_pipiens	OG0012053	shell	False	same_gene_elsewhere
OG0012820	Cx_quinquefasciatus	True	1	1	rna-XM_0018443952	gene-LOC6034072	Cx_molestus,Cx_pallens,Cx_pipiens	OG0012100	shell	False	same_gene_elsewhere
OG0012821	Cx_quinquefasciatus	True	1	1	rna-XM_0018454482	gene-LOC6035279	Cx_molestus,Cx_pallens,Cx_pipiens	OG0001142,unassigned	cloud,unassigned	False	same_gene_elsewhere
OG0012822	Cx_pipiens	False	1	1	rna-XM_0382612881	gene-LOC6050833	Cx_molestus,Cx_pallens,Cx_quinquefasciatus	OG0000655,unassigned	core,unassigned	True	same_gene_elsewhere
OG0012823	Cx_quinquefasciatus	True	1	1	rna-XM_0382503661	gene-LOC6054747	Cx_molestus,Cx_pallens,Cx_pipiens	OG0012405	shell	False	same_gene_elsewhere
OG0012824	Cx_quinquefasciatus	True	1	1	rna-XM_0382580751	gene-LOC119767967	Cx_molestus,Cx_pallens,Cx_pipiens	OG0011978	shell	False	same_gene_elsewhere
OG0012827	Cx_quinquefasciatus	True	1	1	rna-XM_0382495571	gene-LOC6048774	Cx_molestus,Cx_pallens,Cx_pipiens	OG0012333	shell	False	same_gene_elsewhere
OG0012828	Cx_quinquefasciatus	True	1	1	rna-XM_0382657781	gene-LOC6045479	Cx_pallens,Cx_pipiens	OG0013449	shell	False	same_gene_elsewhere
OG0012829	Cx_pipiens	False	1	1	rna-XM_0382504511	gene-LOC6053278	Cx_molestus,Cx_quinquefasciatus	OG0001150	core	True	same_gene_elsewhere
OG0012830	Cx_quinquefasciatus	True	1	1	rna-XM_0382511741	gene-LOC119766534				False	no_counterpart
OG0012831	Cx_quinquefasciatus	True	1	1	rna-XM_0382492121	gene-LOC6032087	Cx_molestus,Cx_pallens,Cx_pipiens	OG0012080	shell	False	same_gene_elsewhere
OG0012832	Cx_quinquefasciatus	True	1	1	rna-XM_0018454352	gene-LOC6035265	Cx_molestus,Cx_pallens,Cx_pipiens	OG0013377,unassigned	shell,unassigned	False	same_gene_elsewhere
OG0012833	Cx_quinquefasciatus	True	1	1	rna-XM_0382555221	gene-LOC119767268				False	no_counterpart
OG0012834	Cx_quinquefasciatus	True	1	1	rna-XM_0382655311	gene-LOC6036424	Cx_molestus,Cx_pallens,Cx_pipiens	OG0012136	shell	False	same_gene_elsewhere
OG0012835	Cx_quinquefasciatus	True	1	1	rna-XM_0018473252	gene-LOC6037522	Cx_molestus,Cx_pallens,Cx_pipiens	OG0011879,unassigned	cloud,unassigned	False	same_gene_elsewhere
OG0012836	Cx_quinquefasciatus	True	1	1	rna-XM_0382486521	gene-LOC6042501	Cx_molestus,Cx_pallens,Cx_pipiens	OG0012241	shell	False	same_gene_elsewhere
OG0012837	Cx_quinquefasciatus	True	1	1	rna-XM_0382618131	gene-LOC6041180	Cx_molestus,Cx_pallens,Cx_pipiens	OG0012219	shell	False	same_gene_elsewhere
OG0012838	Cx_quinquefasciatus	True	1	1	rna-XM_0382573511	gene-LOC6038636	Cx_molestus,Cx_pallens,Cx_pipiens	OG0012175	shell	False	same_gene_elsewhere
OG0012839	Cx_quinquefasciatus	True	1	1	rna-XM_0018707092	gene-LOC6042729	Cx_molestus,Cx_pallens,Cx_pipiens	OG0012244	shell	False	same_gene_elsewhere
OG0012840	Cx_quinquefasciatus	True	1	1	rna-XM_0382601721	gene-LOC6051106	Cx_molestus,Cx_pallens,Cx_pipiens	OG0012364	shell	False	same_gene_elsewhere
OG0012841	Cx_molestus	False	1	1	rna-XM_0382559821	gene-LOC6046699	Cx_pallens,Cx_pipiens,Cx_quinquefasciatus	OG0000046	core	True	same_gene_elsewhere
OG0012842	Cx_quinquefasciatus	True	1	1	rna-XM_0382492911	gene-LOC6048863	Cx_molestus,Cx_pallens,Cx_pipiens	OG0011881,unassigned	cloud,unassigned	False	same_gene_elsewhere
OG0012843	Cx_quinquefasciatus	True	1	1	rna-XM_0382647871	gene-LOC6050684	Cx_molestus,Cx_pallens,Cx_pipiens	OG0013226,unassigned	shell,unassigned	False	same_gene_elsewhere
OG0012844	Cx_quinquefasciatus	True	1	1	rna-XM_0382604921	gene-LOC6033089	Cx_molestus,Cx_pallens,Cx_pipiens	OG0012091	shell	False	same_gene_elsewhere
OG0012845	Cx_quinquefasciatus	True	1	1	rna-XM_0018425361	gene-LOC6031894	Cx_molestus,Cx_pallens,Cx_pipiens	OG0012846,unassigned	cloud,unassigned	False	same_gene_elsewhere
OG0012846	Cx_molestus	False	1	1	rna-XM_0018425361	gene-LOC6031894	Cx_pallens,Cx_pipiens,Cx_quinquefasciatus	OG0012845,unassigned	cloud,unassigned	True	same_gene_elsewhere
OG0012847	Cx_molestus	False	1	1	rna-XM_0382480861	gene-LOC6034480	Cx_pallens,Cx_pipiens,Cx_quinquefasciatus	OG0012848,unassigned	cloud,unassigned	True	same_gene_elsewhere
OG0012848	Cx_quinquefasciatus	True	1	1	rna-XM_0382480861	gene-LOC6034480	Cx_molestus,Cx_pallens,Cx_pipiens	OG0012847,unassigned	cloud,unassigned	False	same_gene_elsewhere
OG0012849	Cx_quinquefasciatus	True	1	1	rna-XM_0382508931	gene-LOC6038065	Cx_molestus,Cx_pallens,Cx_pipiens	OG0012850,unassigned	cloud,unassigned	False	same_gene_elsewhere
OG0012850	Cx_molestus	False	1	1	rna-XM_0382508931	gene-LOC6038065	Cx_pallens,Cx_pipiens,Cx_quinquefasciatus	OG0012849,unassigned	cloud,unassigned	True	same_gene_elsewhere
OG0012851	Cx_pallens	False	1	1	rna-XM_0382505891	gene-LOC6038130	Cx_molestus,Cx_pipiens,Cx_quinquefasciatus	OG0012852,unassigned	cloud,unassigned	True	same_gene_elsewhere
OG0012852	Cx_pipiens	False	1	1	rna-XM_0382505881	gene-LOC6038130	Cx_molestus,Cx_pallens,Cx_quinquefasciatus	OG0012851,unassigned	cloud,unassigned	True	same_gene_elsewhere
OG0012853	Cx_pipiens	False	1	1	rna-XM_0018479282	gene-LOC6038146	Cx_molestus,Cx_pallens,Cx_quinquefasciatus	OG0012854,unassigned	cloud,unassigned	True	same_gene_elsewhere
OG0012854	Cx_pallens	False	1	1	rna-XM_0018479282	gene-LOC6038146	Cx_molestus,Cx_pipiens,Cx_quinquefasciatus	OG0012853,unassigned	cloud,unassigned	True	same_gene_elsewhere
OG0012855	Cx_pipiens	False	1	1	rna-XM_0018494622	gene-LOC6040039	Cx_molestus,Cx_pallens,Cx_quinquefasciatus	OG0012856,unassigned	cloud,unassigned	True	same_gene_elsewhere
OG0012856	Cx_pallens	False	1	1	rna-XM_0018494622	gene-LOC6040039	Cx_molestus,Cx_pipiens,Cx_quinquefasciatus	OG0012855,unassigned	cloud,unassigned	True	same_gene_elsewhere
OG0012857	Cx_quinquefasciatus	True	1	1	rna-XM_0382629031	gene-LOC6040147	Cx_molestus,Cx_pallens,Cx_pipiens	OG0012858,unassigned	cloud,unassigned	False	same_gene_elsewhere
OG0012858	Cx_molestus	False	1	1	rna-XM_0382629051	gene-LOC6040147	Cx_pallens,Cx_pipiens,Cx_quinquefasciatus	OG0012857,unassigned	cloud,unassigned	True	same_gene_elsewhere
OG0012859	Cx_pipiens	False	1	1	rna-XM_0382492441	gene-LOC6040430	Cx_molestus,Cx_pallens,Cx_quinquefasciatus	OG0012860,unassigned	cloud,unassigned	True	same_gene_elsewhere
OG0012860	Cx_quinquefasciatus	True	1	1	rna-XM_0382492441	gene-LOC6040430	Cx_molestus,Cx_pallens,Cx_pipiens	OG0012859,unassigned	cloud,unassigned	False	same_gene_elsewhere
OG0012861	Cx_pallens	False	1	1	rna-XM_0382607731	gene-LOC6042684	Cx_molestus,Cx_pipiens,Cx_quinquefasciatus	OG0012862,unassigned	cloud,unassigned	True	same_gene_elsewhere
OG0012862	Cx_molestus	False	1	1	rna-XM_0382607731	gene-LOC6042684	Cx_pallens,Cx_pipiens,Cx_quinquefasciatus	OG0012861,unassigned	cloud,unassigned	True	same_gene_elsewhere
OG0012863	Cx_molestus	False	1	1	rna-XM_0018568292	gene-LOC6043170	Cx_pallens,Cx_pipiens,Cx_quinquefasciatus	OG0012864,unassigned	cloud,unassigned	True	same_gene_elsewhere
OG0012864	Cx_pipiens	False	1	1	rna-XM_0018568292	gene-LOC6043170	Cx_molestus,Cx_pallens,Cx_quinquefasciatus	OG0012863,unassigned	cloud,unassigned	True	same_gene_elsewhere
OG0012865	Cx_quinquefasciatus	True	1	1	rna-XM_0382572451	gene-LOC6043912	Cx_molestus,Cx_pallens,Cx_pipiens	OG0012866,unassigned	cloud,unassigned	False	same_gene_elsewhere
OG0012866	Cx_molestus	False	1	1	rna-XM_0382572451	gene-LOC6043912	Cx_pallens,Cx_pipiens,Cx_quinquefasciatus	OG0012865,unassigned	cloud,unassigned	True	same_gene_elsewhere
OG0012867	Cx_molestus	False	1	1	rna-XM_0382586251	gene-LOC6044693	Cx_pallens,Cx_pipiens,Cx_quinquefasciatus	OG0012868,unassigned	cloud,unassigned	True	same_gene_elsewhere
OG0012868	Cx_quinquefasciatus	True	1	1	rna-XM_0382586251	gene-LOC6044693	Cx_molestus,Cx_pallens,Cx_pipiens	OG0012867,unassigned	cloud,unassigned	False	same_gene_elsewhere
OG0012869	Cx_quinquefasciatus	True	1	1	rna-XM_0382496841	gene-LOC6044798	Cx_molestus,Cx_pallens,Cx_pipiens	OG0012870,unassigned	cloud,unassigned	False	same_gene_elsewhere
OG0012870	Cx_pipiens	False	1	1	rna-XM_0382496841	gene-LOC6044798	Cx_molestus,Cx_pallens,Cx_quinquefasciatus	OG0012869,unassigned	cloud,unassigned	True	same_gene_elsewhere
OG0012871	Cx_pipiens	False	1	1	rna-XM_0382502421	gene-LOC6045019	Cx_molestus,Cx_pallens,Cx_quinquefasciatus	OG0012872,unassigned	cloud,unassigned	True	same_gene_elsewhere
OG0012872	Cx_pallens	False	1	1	rna-XM_0382502421	gene-LOC6045019	Cx_molestus,Cx_pipiens,Cx_quinquefasciatus	OG0012871,unassigned	cloud,unassigned	True	same_gene_elsewhere
OG0012873	Cx_molestus	False	1	1	rna-XM_0018628562	gene-LOC6045536	Cx_pallens,Cx_pipiens,Cx_quinquefasciatus	OG0012874,unassigned	cloud,unassigned	True	same_gene_elsewhere
OG0012874	Cx_pallens	False	1	1	rna-XM_0018628562	gene-LOC6045536	Cx_molestus,Cx_pipiens,Cx_quinquefasciatus	OG0012873,unassigned	cloud,unassigned	True	same_gene_elsewhere
OG0012875	Cx_molestus	False	1	1	rna-XM_0382543901	gene-LOC6049453	Cx_pallens,Cx_pipiens,Cx_quinquefasciatus	OG0012876,unassigned	cloud,unassigned	True	same_gene_elsewhere
OG0012876	Cx_quinquefasciatus	True	1	1	rna-XM_0382543901	gene-LOC6049453	Cx_molestus,Cx_pallens,Cx_pipiens	OG0012875,unassigned	cloud,unassigned	False	same_gene_elsewhere
OG0012877	Cx_pipiens	False	1	1	rna-XM_0382495321	gene-LOC6052791	Cx_molestus,Cx_pallens,Cx_quinquefasciatus	OG0012878,unassigned	cloud,unassigned	True	same_gene_elsewhere
OG0012878	Cx_quinquefasciatus	True	1	1	rna-XM_0382495301	gene-LOC6052791	Cx_molestus,Cx_pallens,Cx_pipiens	OG0012877,unassigned	cloud,unassigned	False	same_gene_elsewhere
OG0012879	Cx_pallens	False	1	1	rna-XM_0382562251	gene-LOC6053121	Cx_molestus,Cx_pipiens,Cx_quinquefasciatus	OG0012880,unassigned	cloud,unassigned	True	same_gene_elsewhere
OG0012880	Cx_pipiens	False	1	1	rna-XM_0382562251	gene-LOC6053121	Cx_molestus,Cx_pallens,Cx_quinquefasciatus	OG0012879,unassigned	cloud,unassigned	True	same_gene_elsewhere
OG0012881	Cx_quinquefasciatus	True	1	1	rna-XM_0382582261	gene-LOC6035875	Cx_molestus,Cx_pallens,Cx_pipiens	OG0012130	shell	False	same_gene_elsewhere
OG0012882	Cx_quinquefasciatus	True	1	1	rna-XM_0382556701	gene-LOC6035276	Cx_molestus,Cx_pallens,Cx_pipiens	OG0013036,unassigned	shell,unassigned	False	same_gene_elsewhere
OG0012883	Cx_quinquefasciatus	True	1	1	rna-XM_0018661462	gene-LOC6049413	Cx_pipiens	unassigned	unassigned	False	same_gene_elsewhere
OG0012884	Cx_quinquefasciatus	True	1	1	rna-XM_0382485661	gene-LOC6042425	Cx_molestus,Cx_pallens,Cx_pipiens	OG0012240	shell	False	same_gene_elsewhere
OG0012885	Cx_quinquefasciatus	True	1	1	rna-XM_0382495721	gene-LOC6053766	Cx_pallens,Cx_pipiens	OG0013500	shell	False	same_gene_elsewhere
OG0012906	Cx_molestus	False	2	0	rna-XM_0382507631,rna-XM_0382609621	gene-LOC119766301,gene-LOC119769066	Cx_pallens,Cx_pipiens,Cx_quinquefasciatus	OG0000091	core	True	same_gene_elsewhere
OG0012999	Cx_molestus	False	2	0	rna-XM_0382509291,rna-XM_0382568531	gene-LOC6031216,gene-LOC6053717	Cx_pallens,Cx_pipiens,Cx_quinquefasciatus	OG0008863,OG0008865	shell	True	same_gene_elsewhere
OG0013004	Cx_molestus	False	2	0	rna-XM_0018421862,rna-XM_0382542861	gene-LOC6031433,gene-LOC6032150	Cx_pallens,Cx_pipiens,Cx_quinquefasciatus	OG0000653,OG0008931	core,shell	True	same_gene_elsewhere
OG0013052	Cx_molestus	False	2	0	rna-XM_0382544191,rna-XM_0382614391	gene-LOC6036145,gene-LOC6048717	Cx_pallens,Cx_pipiens,Cx_quinquefasciatus	OG0011454,OG0011676	shell	True	same_gene_elsewhere
OG0013272	Cx_pallens	False	2	0	rna-XM_0382503361,rna-XM_0382576111	gene-LOC119766012,gene-LOC6039649	Cx_molestus,Cx_pipiens,Cx_quinquefasciatus	OG0002679	shell	True	same_gene_elsewhere
OG0013310	Cx_pallens	False	2	0	rna-XM_0382585821,rna-XM_0382649811	gene-LOC119768570,gene-LOC119770318	Cx_molestus,Cx_pipiens,Cx_quinquefasciatus	OG0001193	shell	True	same_gene_elsewhere
OG0013369	Cx_pallens	False	2	0	rna-XM_0382642261,rna-XM_0382642281	gene-LOC6034576,gene-LOC6034580	Cx_molestus,Cx_pipiens,Cx_quinquefasciatus	OG0000953,OG0008969	shell	True	same_gene_elsewhere
OG0013408	Cx_pallens	False	2	0	rna-XM_0382497501,rna-XM_0382584481	gene-LOC6039079,gene-LOC6049443	Cx_molestus,Cx_pipiens,Cx_quinquefasciatus	OG0008867,OG0008868	shell	True	same_gene_elsewhere
OG0013509	Cx_pipiens	False	1	1	rna-XM_0382509681	gene-LOC6031452	Cx_molestus,Cx_pallens,Cx_quinquefasciatus	OG0001244	core	True	same_gene_elsewhere
OG0013510	Cx_quinquefasciatus	True	1	1	rna-XM_0382535821	gene-LOC6036390	Cx_molestus,Cx_pallens,Cx_pipiens	OG0012135	shell	False	same_gene_elsewhere
OG0013511	Cx_quinquefasciatus	True	1	1	rna-XM_0018625152	gene-LOC6045150	Cx_molestus,Cx_pallens,Cx_pipiens	OG0012277	shell	False	same_gene_elsewhere
OG0013516	Cx_quinquefasciatus	True	1	1	rna-XM_0382523291	gene-LOC6043051	Cx_molestus,Cx_pallens,Cx_pipiens	OG0012249	shell	False	same_gene_elsewhere
OG0013518	Cx_pipiens	False	1	1	rna-XM_0382529791	gene-LOC6042516	Cx_molestus,Cx_pallens,Cx_quinquefasciatus	OG0008813	shell	True	same_gene_elsewhere
OG0013519	Cx_quinquefasciatus	True	1	1	rna-XM_0382579921	gene-LOC6039651	Cx_pallens,Cx_pipiens	OG0013411	shell	False	same_gene_elsewhere
OG0013522	Cx_quinquefasciatus	True	1	1	rna-XM_0382515231	gene-LOC6053853	Cx_molestus,Cx_pallens,Cx_pipiens	OG0012393	shell	False	same_gene_elsewhere
OG0013523	Cx_quinquefasciatus	True	1	1	rna-XM_0382573201	gene-LOC6045698	Cx_molestus,Cx_pallens,Cx_pipiens	OG0012289	shell	False	same_gene_elsewhere
OG0013524	Cx_quinquefasciatus	True	1	1	rna-XM_0018632152	gene-LOC6045980	Cx_molestus,Cx_pallens,Cx_pipiens	OG0012293	shell	False	same_gene_elsewhere
OG0013525	Cx_quinquefasciatus	True	1	1	rna-XM_0382528461	gene-LOC6039974	Cx_molestus,Cx_pallens,Cx_pipiens	OG0012197	shell	False	same_gene_elsewhere
OG0013526	Cx_quinquefasciatus	True	1	1	rna-XM_0018495802	gene-LOC6040181	Cx_molestus,Cx_pipiens	OG0013106	shell	False	same_gene_elsewhere
OG0013527	Cx_quinquefasciatus	True	1	1	rna-XM_0382522031	gene-LOC6031799	Cx_molestus,Cx_pallens,Cx_pipiens	OG0012077	shell	False	same_gene_elsewhere
OG0013528	Cx_quinquefasciatus	True	1	1	rna-XM_0382575131	gene-LOC6041417	Cx_molestus,Cx_pipiens	OG0013122	shell	False	same_gene_elsewhere
OG0013529	Cx_quinquefasciatus	True	1	1	rna-XM_0382556741	gene-LOC6040529	Cx_molestus,Cx_pallens,Cx_pipiens	OG0012200	shell	False	same_gene_elsewhere
OG0013530	Cx_quinquefasciatus	True	1	1	rna-XM_0382543541	gene-LOC6041410	Cx_molestus,Cx_pipiens	OG0013121	shell	False	same_gene_elsewhere
OG0013531	Cx_quinquefasciatus	True	1	1	rna-XM_0018473882	gene-LOC6037540	Cx_molestus,Cx_pallens,Cx_pipiens	OG0012156	shell	False	same_gene_elsewhere
OG0013532	Cx_quinquefasciatus	True	1	1	rna-XM_0382552711	gene-LOC6033772	Cx_molestus,Cx_pallens,Cx_pipiens	OG0012098	shell	False	same_gene_elsewhere
OG0013534	Cx_quinquefasciatus	True	1	1	rna-XM_0018485312	gene-LOC6038884				False	no_counterpart
OG0013535	Cx_quinquefasciatus	True	1	1	rna-XM_0382508981	gene-LOC6038081	Cx_molestus,Cx_pallens,Cx_pipiens	OG0012165	shell	False	same_gene_elsewhere
OG0013536	Cx_quinquefasciatus	True	1	1	rna-XM_0382569681	gene-LOC6047235	Cx_molestus,Cx_pallens,Cx_pipiens	OG0012312	shell	False	same_gene_elsewhere
OG0013537	Cx_quinquefasciatus	True	1	1	rna-XM_0382507571	gene-LOC6034130	Cx_molestus,Cx_pallens,Cx_pipiens	OG0012101	shell	False	same_gene_elsewhere
OG0013539	Cx_quinquefasciatus	True	1	1	rna-XM_0018460642	gene-LOC6036012	Cx_molestus,Cx_pallens,Cx_pipiens	OG0012132	shell	False	same_gene_elsewhere
OG0013540	Cx_quinquefasciatus	True	1	1	rna-XM_0382527611	gene-LOC6047683				False	no_counterpart
OG0013541	Cx_quinquefasciatus	True	1	1	rna-XM_0382558951	gene-LOC6052098	Cx_molestus,Cx_pallens,Cx_pipiens	OG0012376	shell	False	same_gene_elsewhere
OG0013542	Cx_quinquefasciatus	True	1	1	rna-XM_0382548781	gene-LOC6050427	Cx_molestus,Cx_pallens,Cx_pipiens	OG0012357	shell	False	same_gene_elsewhere
OG0013543	Cx_quinquefasciatus	True	1	1	rna-XM_0018416222	gene-LOC6030780	Cx_molestus,Cx_pipiens	OG0012990	shell	False	same_gene_elsewhere
OG0013544	Cx_quinquefasciatus	True	1	1	rna-XM_0382517691	gene-LOC119766649	Cx_molestus,Cx_pipiens	unassigned	unassigned	False	same_gene_elsewhere
OG0013545	Cx_quinquefasciatus	True	1	1	rna-XM_0382620221	gene-LOC6039780	Cx_molestus,Cx_pipiens	unassigned	unassigned	False	same_gene_elsewhere
OG0013549	Cx_pipiens	False	1	1	rna-XM_0382510441	gene-LOC6045411	Cx_molestus,Cx_pallens,Cx_quinquefasciatus	OG0000066	core	True	same_gene_elsewhere
OG0013550	Cx_quinquefasciatus	True	1	1	rna-XM_0382624661	gene-LOC119769562	Cx_pallens	unassigned	unassigned	False	same_gene_elsewhere
OG0013552	Cx_quinquefasciatus	True	1	1	rna-XM_0018432672	gene-LOC6032780	Cx_molestus,Cx_pallens,Cx_pipiens	OG0012089	shell	False	same_gene_elsewhere
OG0013553	Cx_quinquefasciatus	True	1	1	rna-XM_0018637102	gene-LOC6046568	Cx_molestus	unassigned	unassigned	False	same_gene_elsewhere
OG0013554	Cx_quinquefasciatus	True	1	1	rna-XM_0018678052	gene-LOC6051394				False	no_counterpart
OG0013557	Cx_quinquefasciatus	True	1	1	rna-XM_0018471032	gene-LOC6037225	Cx_molestus,Cx_pallens,Cx_pipiens	OG0012151	shell	False	same_gene_elsewhere
OG0013558	Cx_quinquefasciatus	True	1	1	rna-XM_0018492522	gene-LOC6039782	Cx_molestus,Cx_pallens,Cx_pipiens	OG0012194	shell	False	same_gene_elsewhere
OG0013560	Cx_quinquefasciatus	True	1	1	rna-XM_0382607181	gene-LOC6035005	Cx_molestus,Cx_pallens,Cx_pipiens	OG0012112	shell	False	same_gene_elsewhere
OG0013561	Cx_quinquefasciatus	True	1	1	rna-XM_0382600881	gene-LOC6030821	Cx_molestus,Cx_pallens,Cx_pipiens	OG0012061	shell	False	same_gene_elsewhere
OG0013562	Cx_quinquefasciatus	True	1	1	rna-XM_0382629321	gene-LOC6042304	Cx_molestus,Cx_pallens,Cx_pipiens	OG0012236	shell	False	same_gene_elsewhere
OG0013564	Cx_quinquefasciatus	True	1	1	rna-XM_0382592311	gene-LOC6035822	Cx_molestus,Cx_pallens,Cx_pipiens	OG0012128	shell	False	same_gene_elsewhere
OG0013565	Cx_quinquefasciatus	True	1	1	rna-XM_0018416872	gene-LOC6030857	Cx_molestus,Cx_pallens,Cx_pipiens	OG0012062	shell	False	same_gene_elsewhere
OG0013566	Cx_quinquefasciatus	True	1	1	rna-XM_0018617892	gene-LOC6044293	Cx_molestus,Cx_pallens,Cx_pipiens	OG0012263	shell	False	same_gene_elsewhere
OG0013567	Cx_quinquefasciatus	True	1	1	rna-XM_0382602641	gene-LOC6054042	Cx_molestus,Cx_pallens,Cx_pipiens	OG0013251,unassigned	shell,unassigned	False	same_gene_elsewhere
OG0013568	Cx_quinquefasciatus	True	1	1	rna-XM_0382633891	gene-LOC6040157	Cx_molestus,Cx_pipiens	OG0013105	shell	False	same_gene_elsewhere
OG0013569	Cx_pipiens	False	1	1	rna-XM_0382509091	gene-LOC6031335	Cx_molestus,Cx_pallens,Cx_quinquefasciatus	OG0013001,unassigned	shell,unassigned	True	same_gene_elsewhere
OG0013570	Cx_quinquefasciatus	True	1	1	rna-XM_0382659671	gene-LOC6033048	Cx_molestus,Cx_pipiens	unassigned	unassigned	False	same_gene_elsewhere
OG0013571	Cx_quinquefasciatus	True	1	1	rna-XM_0018471702	gene-LOC6037296	Cx_molestus,Cx_pallens,Cx_pipiens	OG0012153	shell	False	same_gene_elsewhere
OG0013572	Cx_quinquefasciatus	True	1	1	rna-XM_0382589341	gene-LOC6054337	Cx_molestus,Cx_pallens,Cx_pipiens	OG0013253,unassigned	shell,unassigned	False	same_gene_elsewhere
OG0013573	Cx_pipiens	False	1	1	rna-XM_0018679052	gene-LOC6051506	Cx_molestus,Cx_pallens,Cx_quinquefasciatus	OG0000803	core	True	same_gene_elsewhere
OG0013575	Cx_quinquefasciatus	True	1	1	rna-XM_0382616201	gene-LOC6036274	Cx_molestus,Cx_pipiens	OG0013055	shell	False	same_gene_elsewhere
OG0013577	Cx_quinquefasciatus	True	1	1	rna-XM_0382654371	gene-LOC6050495	Cx_molestus,Cx_pallens,Cx_pipiens	OG0012358	shell	False	same_gene_elsewhere
OG0013578	Cx_quinquefasciatus	True	1	1	rna-XM_0382586391	gene-LOC6031090	Cx_molestus,Cx_pallens,Cx_pipiens	OG0012064	shell	False	same_gene_elsewhere
OG0013579	Cx_pipiens	False	1	1	rna-XM_0382604471	gene-LOC6048628	Cx_molestus,Cx_pallens,Cx_quinquefasciatus	OG0011038	shell	True	same_gene_elsewhere
OG0013580	Cx_quinquefasciatus	True	1	1	rna-XM_0382633461	gene-LOC6038829	Cx_molestus,Cx_pallens	OG0013087	shell	False	same_gene_elsewhere
OG0013581	Cx_quinquefasciatus	True	1	1	rna-XM_0382604341	gene-LOC6048041	Cx_molestus,Cx_pallens,Cx_pipiens	OG0012317	shell	False	same_gene_elsewhere
OG0013582	Cx_quinquefasciatus	True	1	1	rna-XM_0382647451	gene-LOC6031009	Cx_molestus,Cx_pallens,Cx_pipiens	OG0012063	shell	False	same_gene_elsewhere
OG0013584	Cx_quinquefasciatus	True	1	1	rna-XM_0382663131	gene-LOC6047828	Cx_molestus,Cx_pallens,Cx_pipiens	OG0013200,unassigned	shell,unassigned	False	same_gene_elsewhere
OG0013585	Cx_quinquefasciatus	True	1	1	rna-XM_0382553361	gene-LOC6036989	Cx_molestus,Cx_pallens,Cx_pipiens	OG0012147	shell	False	same_gene_elsewhere
OG0013586	Cx_quinquefasciatus	True	1	1	rna-XM_0382603061	gene-LOC6042894	Cx_molestus,Cx_pipiens	OG0013141	shell	False	same_gene_elsewhere
OG0013589	Cx_quinquefasciatus	True	1	1	rna-XM_0018649082	gene-LOC6047961	Cx_molestus,Cx_pipiens	OG0013204	shell	False	same_gene_elsewhere
OG0013590	Cx_quinquefasciatus	True	1	1	rna-XM_0382628801	gene-LOC6034777	Cx_molestus,Cx_pallens,Cx_pipiens	OG0012108	shell	False	same_gene_elsewhere
OG0013591	Cx_quinquefasciatus	True	1	1	rna-XM_0018473322	gene-LOC6037473	Cx_molestus,Cx_pallens,Cx_pipiens	OG0012155	shell	False	same_gene_elsewhere
OG0013592	Cx_quinquefasciatus	True	1	1	rna-XM_0382639881	gene-LOC119769985	Cx_molestus,Cx_pallens,Cx_pipiens	OG0012969,unassigned	shell,unassigned	False	same_gene_elsewhere
OG0013595	Cx_quinquefasciatus	True	1	1	rna-XM_0382621241	gene-LOC6045203	Cx_molestus,Cx_pallens,Cx_pipiens	OG0012279	shell	False	same_gene_elsewhere
OG0013596	Cx_quinquefasciatus	True	1	1	rna-XM_0382500881	gene-LOC6045606	Cx_molestus,Cx_pallens,Cx_pipiens	OG0012287	shell	False	same_gene_elsewhere
OG0013597	Cx_quinquefasciatus	True	1	1	rna-XM_0382485861	gene-LOC6035145	Cx_pallens,Cx_pipiens	OG0013374	shell	False	same_gene_elsewhere
OG0013598	Cx_quinquefasciatus	True	1	1	rna-XM_0382493241	gene-LOC6035154	Cx_molestus,Cx_pallens,Cx_pipiens	OG0013031,unassigned	shell,unassigned	False	same_gene_elsewhere
OG0013599	Cx_quinquefasciatus	True	1	1	rna-XM_0018485872	gene-LOC6038947	Cx_molestus,Cx_pallens,Cx_pipiens	OG0012181	shell	False	same_gene_elsewhere
OG0013600	Cx_quinquefasciatus	True	1	1	rna-XM_0018652842	gene-LOC6048395	Cx_molestus,Cx_pallens,Cx_pipiens	OG0012326	shell	False	same_gene_elsewhere
OG0013601	Cx_quinquefasciatus	True	1	1	rna-XM_0018653342	gene-LOC6048450				False	no_counterpart
OG0013604	Cx_quinquefasciatus	True	1	1	rna-XM_0018694142	gene-LOC6053346	Cx_molestus,Cx_pallens,Cx_pipiens	OG0012388	shell	False	same_gene_elsewhere
OG0013605	Cx_quinquefasciatus	True	1	1	rna-XM_0018453432	gene-LOC6035164	Cx_molestus,Cx_pallens,Cx_pipiens	OG0012119	shell	False	same_gene_elsewhere
OG0013606	Cx_pipiens	False	1	1	rna-XM_0382523401	gene-LOC6040732	Cx_molestus,Cx_pallens,Cx_quinquefasciatus	OG0012208	shell	True	same_gene_elsewhere
OG0013607	Cx_quinquefasciatus	True	1	1	rna-XM_0382649171	gene-LOC6041915	Cx_molestus,Cx_pallens,Cx_pipiens	OG0012230	shell	False	same_gene_elsewhere
OG0013608	Cx_quinquefasciatus	True	1	1	rna-XM_0018467242	gene-LOC6036780	Cx_molestus,Cx_pallens,Cx_pipiens	OG0012140	shell	False	same_gene_elsewhere
OG0013609	Cx_quinquefasciatus	True	1	1	rna-XM_0018451542	gene-LOC6034945	Cx_molestus,Cx_pallens,Cx_pipiens	OG0012110	shell	False	same_gene_elsewhere
OG0013611	Cx_quinquefasciatus	True	1	1	rna-XM_0382485451	gene-LOC119765183	Cx_molestus,Cx_pallens,Cx_pipiens	OG0011894	shell	False	same_gene_elsewhere
OG0013612	Cx_quinquefasciatus	True	1	1	rna-XM_0382484071	gene-LOC6050932	Cx_molestus,Cx_pallens,Cx_pipiens	OG0012361	shell	False	same_gene_elsewhere
OG0013613	Cx_quinquefasciatus	True	1	1	rna-XM_0382665111	gene-LOC6049473	Cx_molestus,Cx_pallens,Cx_pipiens	OG0013477,unassigned	shell,unassigned	False	same_gene_elsewhere
OG0013614	Cx_quinquefasciatus	True	1	1	rna-XM_0382498591	gene-LOC6033729	Cx_molestus,Cx_pallens,Cx_pipiens	OG0012097	shell	False	same_gene_elsewhere
OG0013615	Cx_quinquefasciatus	True	1	1	rna-XM_0382490411	gene-LOC6053904	Cx_molestus,Cx_pallens,Cx_pipiens	OG0012394	shell	False	same_gene_elsewhere
OG0013616	Cx_quinquefasciatus	True	1	1	rna-XM_0018623932	gene-LOC6045004	Cx_molestus,Cx_pallens,Cx_pipiens	OG0012274	shell	False	same_gene_elsewhere
OG0013618	Cx_quinquefasciatus	True	1	1	rna-XM_0018707032	gene-LOC6042721	Cx_molestus,Cx_pallens,Cx_pipiens	OG0012243	shell	False	same_gene_elsewhere
OG0013620	Cx_quinquefasciatus	True	1	1	rna-XM_0382542511	gene-LOC6045531	Cx_molestus,Cx_pallens,Cx_pipiens	OG0012284	shell	False	same_gene_elsewhere
OG0013621	Cx_quinquefasciatus	True	1	1	rna-XM_0018682602	gene-LOC6051948	Cx_molestus,Cx_pallens,Cx_pipiens	OG0013239,unassigned	shell,unassigned	False	same_gene_elsewhere
OG0013623	Cx_quinquefasciatus	True	1	1	rna-XM_0382492611	gene-LOC6041291	Cx_molestus,Cx_pallens,Cx_pipiens	OG0012220	shell	False	same_gene_elsewhere
OG0013624	Cx_quinquefasciatus	True	1	1	rna-XM_0382499981	gene-LOC6045351	Cx_molestus,Cx_pallens,Cx_pipiens	OG0012283	shell	False	same_gene_elsewhere
OG0013635	Cx_pipiens	False	2	0	rna-XM_0382562711,rna-XM_0382572141	gene-LOC119767516,gene-LOC119767766	Cx_molestus,Cx_pallens,Cx_quinquefasciatus	OG0011335,unassigned	shell,unassigned	True	same_gene_elsewhere
OG0013636	Cx_pipiens	False	2	0	rna-XM_0382564601,rna-XM_0382609721	gene-LOC119767572,gene-LOC119769073	Cx_molestus,Cx_pallens,Cx_quinquefasciatus	OG0000061	core	True	same_gene_elsewhere
OG0013637	Cx_pipiens	False	2	0	rna-XM_0382573411,rna-XM_0382573461	gene-LOC119767802,gene-LOC6035132	Cx_molestus,Cx_pallens,Cx_quinquefasciatus	OG0012118,OG0012931,unassigned	shell,unassigned	True	same_gene_elsewhere
OG0013663	Cx_pipiens	False	2	0	rna-XM_0018630092,rna-XM_0382495491	gene-LOC6045736,gene-LOC6045737	Cx_molestus,Cx_pallens,Cx_quinquefasciatus	OG0001001	shell	True	same_gene_elsewhere
OG0013669	Cx_pipiens	False	2	0	rna-XM_0018670222,rna-XM_0018670232	gene-LOC6050452,gene-LOC6050454	Cx_molestus,Cx_pallens,Cx_quinquefasciatus	OG0007999,OG0013224	shell	True	same_gene_elsewhere
OG0013670	Cx_quinquefasciatus	True	2	0	rna-XM_0382493671,rna-XM_0382600871	gene-LOC119765471,gene-LOC119768808	Cx_molestus,Cx_pallens,Cx_pipiens	OG0002842,unassigned	shell,unassigned	False	same_gene_elsewhere
OG0013671	Cx_quinquefasciatus	True	2	0	rna-XM_0382505841,rna-XM_0382505851	gene-LOC119766171,gene-LOC119766172				False	no_counterpart
