sample	compartment	median	q25	q75	within_1kb	n
Cx_molestus	cloud	0.0	0.0	0.0	1.0	23
Cx_molestus	core	0.0	0.0	77.0	0.986046511627907	11610
Cx_molestus	shell	0.0	0.0	24.0	0.9892876272094269	1867
Cx_pallens	cloud	0.0	0.0	0.0	1.0	25
Cx_pallens	core	0.0	0.0	75.75	0.9856921220479228	11602
Cx_pallens	shell	0.0	0.0	5.0	0.9871858058156727	2029
Cx_pipiens	cloud	0.0	0.0	46.0	0.9705882352941176	34
Cx_pipiens	core	0.0	0.0	76.0	0.9857864543197191	11679
Cx_pipiens	shell	0.0	0.0	22.0	0.9890446976336547	2282
Cx_quinquefasciatus	cloud	0.0	0.0	0.0	1.0	221
Cx_quinquefasciatus	core	0.0	0.0	51.0	0.9844449873768222	12279
Cx_quinquefasciatus	shell	0.0	0.0	0.0	0.9891653290529695	2492
