analysis	test	statistic	locus_set	site_class	P1	P2	P3	O	consistent_with_rooted_tree	origin	n_loci	n_blocks	n_sites	BBAA	ABBA	BABA	D	se	Z	p	p_bonferroni	abs_Z_at_least_3	excess_derived_sharing
T1 all_loci all_sites	T1	D(Cx_pallens,Cx_quinquefasciatus;Cx_pipiens,Cx_perexiguus)	all_loci	all_sites	Cx_pallens	Cx_quinquefasciatus	Cx_pipiens	Cx_perexiguus	False	planned	6846	115	10147478	61675	27689	193190	-0.74928	0.02848	-26.313	1.360e-152	8.161e-152	True	Cx_pallens+Cx_pipiens
T2 all_loci all_sites	T2	D(Cx_pallens,Cx_pipiens;Cx_quinquefasciatus,Cx_perexiguus)	all_loci	all_sites	Cx_pallens	Cx_pipiens	Cx_quinquefasciatus	Cx_perexiguus	True	implied by the rooted tree	6846	115	10147478	193190	27689	61675	-0.38031	0.02721	-13.977	2.161e-44	1.297e-43	True	Cx_pallens+Cx_quinquefasciatus
T3 all_loci all_sites	T3	D(Cx_pallens,Cx_quinquefasciatus;Cx_molestus,Cx_perexiguus)	all_loci	all_sites	Cx_pallens	Cx_quinquefasciatus	Cx_molestus	Cx_perexiguus	False	planned	6846	115	10147478	57176	30727	187601	-0.71852	0.02937	-24.466	3.421e-132	2.053e-131	True	Cx_pallens+Cx_molestus
T4 all_loci all_sites	T4	D(Cx_molestus,Cx_pallens;Cx_quinquefasciatus,Cx_perexiguus)	all_loci	all_sites	Cx_molestus	Cx_pallens	Cx_quinquefasciatus	Cx_perexiguus	True	implied by the rooted tree	6846	115	10147478	187601	57176	30727	0.30089	0.03369	8.931	4.204e-19	2.523e-18	True	Cx_pallens+Cx_quinquefasciatus
T5 all_loci all_sites	T5	D(Cx_molestus,Cx_pipiens;Cx_pallens,Cx_perexiguus)	all_loci	all_sites	Cx_molestus	Cx_pipiens	Cx_pallens	Cx_perexiguus	True	planned	6846	115	10147478	69503	60436	60079	0.00296	0.07148	0.041	9.669e-01	1.000e+00	False	Cx_pipiens+Cx_pallens
T6 all_loci all_sites	T6	D(Cx_molestus,Cx_pipiens;Cx_quinquefasciatus,Cx_perexiguus)	all_loci	all_sites	Cx_molestus	Cx_pipiens	Cx_quinquefasciatus	Cx_perexiguus	True	planned	6846	115	10147478	202250	29447	36983	-0.11344	0.01868	-6.074	1.251e-09	7.506e-09	True	Cx_molestus+Cx_quinquefasciatus
T1 all_loci third_positions	T1	D(Cx_pallens,Cx_quinquefasciatus;Cx_pipiens,Cx_perexiguus)	all_loci	third_positions	Cx_pallens	Cx_quinquefasciatus	Cx_pipiens	Cx_perexiguus	False	planned	6846	115	3382490	49918	22125	80629	-0.56936	0.03547	-16.052	5.550e-58	3.330e-57	True	Cx_pallens+Cx_pipiens
T2 all_loci third_positions	T2	D(Cx_pallens,Cx_pipiens;Cx_quinquefasciatus,Cx_perexiguus)	all_loci	third_positions	Cx_pallens	Cx_pipiens	Cx_quinquefasciatus	Cx_perexiguus	True	implied by the rooted tree	6846	115	3382490	80629	22125	49918	-0.38578	0.0261	-14.782	1.907e-49	1.144e-48	True	Cx_pallens+Cx_quinquefasciatus
T3 all_loci third_positions	T3	D(Cx_pallens,Cx_quinquefasciatus;Cx_molestus,Cx_perexiguus)	all_loci	third_positions	Cx_pallens	Cx_quinquefasciatus	Cx_molestus	Cx_perexiguus	False	planned	6846	115	3382490	46201	24627	77872	-0.51947	0.0372	-13.964	2.590e-44	1.554e-43	True	Cx_pallens+Cx_molestus
T4 all_loci third_positions	T4	D(Cx_molestus,Cx_pallens;Cx_quinquefasciatus,Cx_perexiguus)	all_loci	third_positions	Cx_molestus	Cx_pallens	Cx_quinquefasciatus	Cx_perexiguus	True	implied by the rooted tree	6846	115	3382490	77872	46201	24627	0.3046	0.03266	9.327	1.093e-20	6.558e-20	True	Cx_pallens+Cx_quinquefasciatus
T5 all_loci third_positions	T5	D(Cx_molestus,Cx_pipiens;Cx_pallens,Cx_perexiguus)	all_loci	third_positions	Cx_molestus	Cx_pipiens	Cx_pallens	Cx_perexiguus	True	planned	6846	115	3382490	46615	34174	35333	-0.01667	0.0412	-0.405	6.857e-01	1.000e+00	False	Cx_molestus+Cx_pallens
T6 all_loci third_positions	T6	D(Cx_molestus,Cx_pipiens;Cx_quinquefasciatus,Cx_perexiguus)	all_loci	third_positions	Cx_molestus	Cx_pipiens	Cx_quinquefasciatus	Cx_perexiguus	True	planned	6846	115	3382490	94051	23736	29999	-0.11655	0.01702	-6.85	7.408e-12	4.445e-11	True	Cx_molestus+Cx_quinquefasciatus
T1 intact_loci all_sites	T1	D(Cx_pallens,Cx_quinquefasciatus;Cx_pipiens,Cx_perexiguus)	intact_loci	all_sites	Cx_pallens	Cx_quinquefasciatus	Cx_pipiens	Cx_perexiguus	False	planned	4592	112	6759138	38940	15908	25576	-0.23305	0.03221	-7.235	4.664e-13	2.798e-12	True	Cx_pallens+Cx_pipiens
T2 intact_loci all_sites	T2	D(Cx_pallens,Cx_pipiens;Cx_quinquefasciatus,Cx_perexiguus)	intact_loci	all_sites	Cx_pallens	Cx_pipiens	Cx_quinquefasciatus	Cx_perexiguus	True	implied by the rooted tree	4592	112	6759138	25576	15908	38940	-0.41992	0.03072	-13.669	1.555e-42	9.332e-42	True	Cx_pallens+Cx_quinquefasciatus
T3 intact_loci all_sites	T3	D(Cx_pallens,Cx_quinquefasciatus;Cx_molestus,Cx_perexiguus)	intact_loci	all_sites	Cx_pallens	Cx_quinquefasciatus	Cx_molestus	Cx_perexiguus	False	planned	4592	112	6759138	35939	18293	24110	-0.13718	0.04096	-3.349	8.097e-04	4.858e-03	True	Cx_pallens+Cx_molestus
T4 intact_loci all_sites	T4	D(Cx_molestus,Cx_pallens;Cx_quinquefasciatus,Cx_perexiguus)	intact_loci	all_sites	Cx_molestus	Cx_pallens	Cx_quinquefasciatus	Cx_perexiguus	True	implied by the rooted tree	4592	112	6759138	24110	35939	18293	0.32538	0.0384	8.473	2.401e-17	1.441e-16	True	Cx_pallens+Cx_quinquefasciatus
T5 intact_loci all_sites	T5	D(Cx_molestus,Cx_pipiens;Cx_pallens,Cx_perexiguus)	intact_loci	all_sites	Cx_molestus	Cx_pipiens	Cx_pallens	Cx_perexiguus	True	planned	4592	112	6759138	33396	18336	19889	-0.04063	0.01679	-2.42	1.553e-02	9.318e-02	False	Cx_molestus+Cx_pallens
T6 intact_loci all_sites	T6	D(Cx_molestus,Cx_pipiens;Cx_quinquefasciatus,Cx_perexiguus)	intact_loci	all_sites	Cx_molestus	Cx_pipiens	Cx_quinquefasciatus	Cx_perexiguus	True	planned	4592	112	6759138	41077	16414	21771	-0.14029	0.01914	-7.328	2.334e-13	1.400e-12	True	Cx_molestus+Cx_quinquefasciatus
T1 intact_loci third_positions	T1	D(Cx_pallens,Cx_quinquefasciatus;Cx_pipiens,Cx_perexiguus)	intact_loci	third_positions	Cx_pallens	Cx_quinquefasciatus	Cx_pipiens	Cx_perexiguus	False	planned	4592	112	2253045	32207	13152	20848	-0.22635	0.02829	-8.001	1.230e-15	7.382e-15	True	Cx_pallens+Cx_pipiens
T2 intact_loci third_positions	T2	D(Cx_pallens,Cx_pipiens;Cx_quinquefasciatus,Cx_perexiguus)	intact_loci	third_positions	Cx_pallens	Cx_pipiens	Cx_quinquefasciatus	Cx_perexiguus	True	implied by the rooted tree	4592	112	2253045	20848	13152	32207	-0.42009	0.02817	-14.914	2.664e-50	1.599e-49	True	Cx_pallens+Cx_quinquefasciatus
T3 intact_loci third_positions	T3	D(Cx_pallens,Cx_quinquefasciatus;Cx_molestus,Cx_perexiguus)	intact_loci	third_positions	Cx_pallens	Cx_quinquefasciatus	Cx_molestus	Cx_perexiguus	False	planned	4592	112	2253045	29679	15073	19668	-0.13226	0.03862	-3.425	6.159e-04	3.696e-03	True	Cx_pallens+Cx_molestus
T4 intact_loci third_positions	T4	D(Cx_molestus,Cx_pallens;Cx_quinquefasciatus,Cx_perexiguus)	intact_loci	third_positions	Cx_molestus	Cx_pallens	Cx_quinquefasciatus	Cx_perexiguus	True	implied by the rooted tree	4592	112	2253045	19668	29679	15073	0.32638	0.03662	8.912	5.016e-19	3.009e-18	True	Cx_pallens+Cx_quinquefasciatus
T5 intact_loci third_positions	T5	D(Cx_molestus,Cx_pipiens;Cx_pallens,Cx_perexiguus)	intact_loci	third_positions	Cx_molestus	Cx_pipiens	Cx_pallens	Cx_perexiguus	True	planned	4592	112	2253045	26964	15361	16752	-0.04332	0.01551	-2.792	5.236e-03	3.141e-02	False	Cx_molestus+Cx_pallens
T6 intact_loci third_positions	T6	D(Cx_molestus,Cx_pipiens;Cx_quinquefasciatus,Cx_perexiguus)	intact_loci	third_positions	Cx_molestus	Cx_pipiens	Cx_quinquefasciatus	Cx_perexiguus	True	planned	4592	112	2253045	33087	13854	18285	-0.13787	0.01842	-7.485	7.160e-14	4.296e-13	True	Cx_molestus+Cx_quinquefasciatus
