orthogroup	form	copies	family
OG0000034	Cx_molestus	7	CSP
OG0000034	Cx_pallens	7	CSP
OG0000034	Cx_pipiens	6	CSP
OG0000034	Cx_quinquefasciatus	7	CSP
OG0000039	Cx_molestus	6	OBP
OG0000039	Cx_pallens	6	OBP
OG0000039	Cx_pipiens	6	OBP
OG0000039	Cx_quinquefasciatus	6	OBP
OG0000070	Cx_molestus	4	OBP
OG0000070	Cx_pallens	4	OBP
OG0000070	Cx_pipiens	4	OBP
OG0000070	Cx_quinquefasciatus	4	OBP
OG0000092	Cx_molestus	4	P450
OG0000092	Cx_pallens	4	P450
OG0000092	Cx_pipiens	4	P450
OG0000092	Cx_quinquefasciatus	4	P450
OG0000105	Cx_molestus	5	OR
OG0000105	Cx_pallens	3	OR
OG0000105	Cx_pipiens	4	OR
OG0000105	Cx_quinquefasciatus	5	OR
OG0000108	Cx_molestus	4	CCE
OG0000108	Cx_pallens	4	CCE
OG0000108	Cx_pipiens	4	CCE
OG0000108	Cx_quinquefasciatus	4	CCE
OG0000124	Cx_molestus	4	P450
OG0000124	Cx_pallens	4	P450
OG0000124	Cx_pipiens	3	P450
OG0000124	Cx_quinquefasciatus	4	P450
OG0000125	Cx_molestus	4	immune
OG0000125	Cx_pallens	4	immune
OG0000125	Cx_pipiens	4	immune
OG0000125	Cx_quinquefasciatus	4	immune
OG0000126	Cx_molestus	3	GR
OG0000126	Cx_pallens	4	GR
OG0000126	Cx_pipiens	4	GR
OG0000126	Cx_quinquefasciatus	4	GR
OG0000133	Cx_molestus	3	OBP
OG0000133	Cx_pallens	4	OBP
OG0000133	Cx_pipiens	3	OBP
OG0000133	Cx_quinquefasciatus	4	OBP
OG0000143	Cx_molestus	2	CCE
OG0000143	Cx_pallens	2	CCE
OG0000143	Cx_pipiens	3	CCE
OG0000143	Cx_quinquefasciatus	3	CCE
OG0000146	Cx_molestus	4	P450
OG0000146	Cx_pallens	1	P450
OG0000146	Cx_pipiens	4	P450
OG0000146	Cx_quinquefasciatus	4	P450
OG0000166	Cx_molestus	2	GR
OG0000166	Cx_pallens	3	GR
OG0000166	Cx_pipiens	4	GR
OG0000166	Cx_quinquefasciatus	5	GR
OG0000172	Cx_molestus	3	IR
OG0000172	Cx_pallens	3	IR
OG0000172	Cx_pipiens	3	IR
OG0000172	Cx_quinquefasciatus	3	IR
OG0000204	Cx_molestus	3	OR
OG0000204	Cx_pallens	3	OR
OG0000204	Cx_pipiens	3	OR
OG0000204	Cx_quinquefasciatus	3	OR
OG0000215	Cx_molestus	3	CCE
OG0000215	Cx_pallens	3	CCE
OG0000215	Cx_pipiens	3	CCE
OG0000215	Cx_quinquefasciatus	3	CCE
OG0000245	Cx_molestus	3	OR
OG0000245	Cx_pallens	3	OR
OG0000245	Cx_pipiens	2	OR
OG0000245	Cx_quinquefasciatus	4	OR
OG0000261	Cx_molestus	1	OR
OG0000261	Cx_pallens	2	OR
OG0000261	Cx_pipiens	2	OR
OG0000261	Cx_quinquefasciatus	3	OR
OG0000265	Cx_molestus	3	CCE
OG0000265	Cx_pallens	2	CCE
OG0000265	Cx_pipiens	3	CCE
OG0000265	Cx_quinquefasciatus	2	CCE
OG0000268	Cx_molestus	2	OBP
OG0000268	Cx_pallens	3	OBP
OG0000268	Cx_pipiens	2	OBP
OG0000268	Cx_quinquefasciatus	3	OBP
OG0000269	Cx_molestus	2	P450
OG0000269	Cx_pallens	3	P450
OG0000269	Cx_pipiens	2	P450
OG0000269	Cx_quinquefasciatus	3	P450
OG0000307	Cx_molestus	0	P450
OG0000307	Cx_pallens	3	P450
OG0000307	Cx_pipiens	3	P450
OG0000307	Cx_quinquefasciatus	3	P450
OG0000310	Cx_molestus	2	P450
OG0000310	Cx_pallens	2	P450
OG0000310	Cx_pipiens	2	P450
OG0000310	Cx_quinquefasciatus	3	P450
OG0000313	Cx_molestus	2	P450
OG0000313	Cx_pallens	2	P450
OG0000313	Cx_pipiens	3	P450
OG0000313	Cx_quinquefasciatus	2	P450
OG0000316	Cx_molestus	2	OR
OG0000316	Cx_pallens	2	OR
OG0000316	Cx_pipiens	2	OR
OG0000316	Cx_quinquefasciatus	2	OR
OG0000318	Cx_molestus	1	OR
OG0000318	Cx_pallens	1	OR
OG0000318	Cx_pipiens	1	OR
OG0000318	Cx_quinquefasciatus	1	OR
OG0000323	Cx_molestus	2	OR
OG0000323	Cx_pallens	2	OR
OG0000323	Cx_pipiens	2	OR
OG0000323	Cx_quinquefasciatus	2	OR
OG0000353	Cx_molestus	1	OBP
OG0000353	Cx_pallens	1	OBP
OG0000353	Cx_pipiens	1	OBP
OG0000353	Cx_quinquefasciatus	1	OBP
OG0000362	Cx_molestus	1	P450
OG0000362	Cx_pallens	2	P450
OG0000362	Cx_pipiens	2	P450
OG0000362	Cx_quinquefasciatus	3	P450
OG0000363	Cx_molestus	2	P450
OG0000363	Cx_pallens	2	P450
OG0000363	Cx_pipiens	2	P450
OG0000363	Cx_quinquefasciatus	2	P450
OG0000370	Cx_molestus	2	P450
OG0000370	Cx_pallens	2	P450
OG0000370	Cx_pipiens	2	P450
OG0000370	Cx_quinquefasciatus	2	P450
OG0000379	Cx_molestus	2	IR
OG0000379	Cx_pallens	1	IR
OG0000379	Cx_pipiens	1	IR
OG0000379	Cx_quinquefasciatus	4	IR
OG0000395	Cx_molestus	1	GST
OG0000395	Cx_pallens	1	GST
OG0000395	Cx_pipiens	1	GST
OG0000395	Cx_quinquefasciatus	1	GST
OG0000403	Cx_molestus	2	GR
OG0000403	Cx_pallens	2	GR
OG0000403	Cx_pipiens	2	GR
OG0000403	Cx_quinquefasciatus	2	GR
OG0000423	Cx_molestus	2	CCE
OG0000423	Cx_pallens	2	CCE
OG0000423	Cx_pipiens	2	CCE
OG0000423	Cx_quinquefasciatus	2	CCE
OG0000436	Cx_molestus	2	OR
OG0000436	Cx_pallens	2	OR
OG0000436	Cx_pipiens	2	OR
OG0000436	Cx_quinquefasciatus	2	OR
OG0000576	Cx_molestus	2	P450
OG0000576	Cx_pallens	2	P450
OG0000576	Cx_pipiens	2	P450
OG0000576	Cx_quinquefasciatus	2	P450
OG0000583	Cx_molestus	2	P450
OG0000583	Cx_pallens	2	P450
OG0000583	Cx_pipiens	1	P450
OG0000583	Cx_quinquefasciatus	2	P450
OG0000584	Cx_molestus	2	P450
OG0000584	Cx_pallens	1	P450
OG0000584	Cx_pipiens	2	P450
OG0000584	Cx_quinquefasciatus	2	P450
OG0000585	Cx_molestus	2	P450
OG0000585	Cx_pallens	2	P450
OG0000585	Cx_pipiens	2	P450
OG0000585	Cx_quinquefasciatus	2	P450
OG0000586	Cx_molestus	1	P450
OG0000586	Cx_pallens	1	P450
OG0000586	Cx_pipiens	1	P450
OG0000586	Cx_quinquefasciatus	1	P450
OG0000596	Cx_molestus	1	OR
OG0000596	Cx_pallens	2	OR
OG0000596	Cx_pipiens	2	OR
OG0000596	Cx_quinquefasciatus	2	OR
OG0000611	Cx_molestus	2	CCE
OG0000611	Cx_pallens	2	CCE
OG0000611	Cx_pipiens	1	CCE
OG0000611	Cx_quinquefasciatus	2	CCE
OG0000612	Cx_molestus	1	CCE
OG0000612	Cx_pallens	2	CCE
OG0000612	Cx_pipiens	2	CCE
OG0000612	Cx_quinquefasciatus	2	CCE
OG0000613	Cx_molestus	2	CCE
OG0000613	Cx_pallens	2	CCE
OG0000613	Cx_pipiens	1	CCE
OG0000613	Cx_quinquefasciatus	2	CCE
OG0000614	Cx_molestus	2	OR
OG0000614	Cx_pallens	2	OR
OG0000614	Cx_pipiens	1	OR
OG0000614	Cx_quinquefasciatus	2	OR
OG0000618	Cx_molestus	2	IR
OG0000618	Cx_pallens	2	IR
OG0000618	Cx_pipiens	1	IR
OG0000618	Cx_quinquefasciatus	2	IR
OG0000620	Cx_molestus	1	IR
OG0000620	Cx_pallens	2	IR
OG0000620	Cx_pipiens	2	IR
OG0000620	Cx_quinquefasciatus	2	IR
OG0000624	Cx_molestus	2	P450
OG0000624	Cx_pallens	2	P450
OG0000624	Cx_pipiens	2	P450
OG0000624	Cx_quinquefasciatus	2	P450
OG0000625	Cx_molestus	2	IR
OG0000625	Cx_pallens	2	IR
OG0000625	Cx_pipiens	1	IR
OG0000625	Cx_quinquefasciatus	2	IR
OG0000654	Cx_molestus	2	GR
OG0000654	Cx_pallens	1	GR
OG0000654	Cx_pipiens	2	GR
OG0000654	Cx_quinquefasciatus	2	GR
OG0000727	Cx_molestus	2	OBP
OG0000727	Cx_pallens	2	OBP
OG0000727	Cx_pipiens	1	OBP
OG0000727	Cx_quinquefasciatus	2	OBP
OG0000734	Cx_molestus	1	P450
OG0000734	Cx_pallens	1	P450
OG0000734	Cx_pipiens	2	P450
OG0000734	Cx_quinquefasciatus	2	P450
OG0000803	Cx_molestus	2	P450
OG0000803	Cx_pallens	2	P450
OG0000803	Cx_pipiens	1	P450
OG0000803	Cx_quinquefasciatus	2	P450
OG0000810	Cx_molestus	1	P450
OG0000810	Cx_pallens	1	P450
OG0000810	Cx_pipiens	1	P450
OG0000810	Cx_quinquefasciatus	1	P450
OG0000816	Cx_molestus	1	P450
OG0000816	Cx_pallens	1	P450
OG0000816	Cx_pipiens	2	P450
OG0000816	Cx_quinquefasciatus	2	P450
OG0000826	Cx_molestus	1	immune
OG0000826	Cx_pallens	1	immune
OG0000826	Cx_pipiens	1	immune
OG0000826	Cx_quinquefasciatus	1	immune
OG0000827	Cx_molestus	1	immune
OG0000827	Cx_pallens	1	immune
OG0000827	Cx_pipiens	2	immune
OG0000827	Cx_quinquefasciatus	2	immune
OG0000828	Cx_molestus	1	OR
OG0000828	Cx_pallens	1	OR
OG0000828	Cx_pipiens	1	OR
OG0000828	Cx_quinquefasciatus	1	OR
OG0000832	Cx_molestus	2	OR
OG0000832	Cx_pallens	1	OR
OG0000832	Cx_pipiens	1	OR
OG0000832	Cx_quinquefasciatus	2	OR
OG0000835	Cx_molestus	1	OR
OG0000835	Cx_pallens	2	OR
OG0000835	Cx_pipiens	1	OR
OG0000835	Cx_quinquefasciatus	2	OR
OG0000840	Cx_molestus	1	P450
OG0000840	Cx_pallens	1	P450
OG0000840	Cx_pipiens	1	P450
OG0000840	Cx_quinquefasciatus	1	P450
OG0000841	Cx_molestus	1	P450
OG0000841	Cx_pallens	2	P450
OG0000841	Cx_pipiens	1	P450
OG0000841	Cx_quinquefasciatus	2	P450
OG0000843	Cx_molestus	1	P450
OG0000843	Cx_pallens	2	P450
OG0000843	Cx_pipiens	1	P450
OG0000843	Cx_quinquefasciatus	2	P450
OG0000850	Cx_molestus	1	OBP
OG0000850	Cx_pallens	2	OBP
OG0000850	Cx_pipiens	1	OBP
OG0000850	Cx_quinquefasciatus	2	OBP
OG0000863	Cx_molestus	2	OBP
OG0000863	Cx_pallens	1	OBP
OG0000863	Cx_pipiens	1	OBP
OG0000863	Cx_quinquefasciatus	2	OBP
OG0000867	Cx_molestus	1	immune
OG0000867	Cx_pallens	1	immune
OG0000867	Cx_pipiens	1	immune
OG0000867	Cx_quinquefasciatus	2	immune
OG0000879	Cx_molestus	1	immune
OG0000879	Cx_pallens	1	immune
OG0000879	Cx_pipiens	2	immune
OG0000879	Cx_quinquefasciatus	2	immune
OG0000882	Cx_molestus	2	OBP
OG0000882	Cx_pallens	1	OBP
OG0000882	Cx_pipiens	1	OBP
OG0000882	Cx_quinquefasciatus	2	OBP
OG0000914	Cx_molestus	1	OR
OG0000914	Cx_pallens	2	OR
OG0000914	Cx_pipiens	2	OR
OG0000914	Cx_quinquefasciatus	2	OR
OG0000965	Cx_molestus	1	CCE
OG0000965	Cx_pallens	1	CCE
OG0000965	Cx_pipiens	1	CCE
OG0000965	Cx_quinquefasciatus	1	CCE
OG0000977	Cx_molestus	1	CCE
OG0000977	Cx_pallens	1	CCE
OG0000977	Cx_pipiens	1	CCE
OG0000977	Cx_quinquefasciatus	1	CCE
OG0000988	Cx_molestus	1	OBP
OG0000988	Cx_pallens	1	OBP
OG0000988	Cx_pipiens	1	OBP
OG0000988	Cx_quinquefasciatus	1	OBP
OG0001006	Cx_molestus	1	P450
OG0001006	Cx_pallens	1	P450
OG0001006	Cx_pipiens	1	P450
OG0001006	Cx_quinquefasciatus	1	P450
OG0001013	Cx_molestus	2	CCE
OG0001013	Cx_pallens	1	CCE
OG0001013	Cx_pipiens	2	CCE
OG0001013	Cx_quinquefasciatus	2	CCE
OG0001043	Cx_molestus	1	P450
OG0001043	Cx_pallens	1	P450
OG0001043	Cx_pipiens	1	P450
OG0001043	Cx_quinquefasciatus	1	P450
OG0001052	Cx_molestus	1	OR
OG0001052	Cx_pallens	1	OR
OG0001052	Cx_pipiens	1	OR
OG0001052	Cx_quinquefasciatus	1	OR
OG0001053	Cx_molestus	1	OR
OG0001053	Cx_pallens	1	OR
OG0001053	Cx_pipiens	1	OR
OG0001053	Cx_quinquefasciatus	1	OR
OG0001054	Cx_molestus	1	OR
OG0001054	Cx_pallens	1	OR
OG0001054	Cx_pipiens	1	OR
OG0001054	Cx_quinquefasciatus	1	OR
OG0001063	Cx_molestus	1	IR
OG0001063	Cx_pallens	1	IR
OG0001063	Cx_pipiens	1	IR
OG0001063	Cx_quinquefasciatus	1	IR
OG0001065	Cx_molestus	1	OR
OG0001065	Cx_pallens	1	OR
OG0001065	Cx_pipiens	1	OR
OG0001065	Cx_quinquefasciatus	1	OR
OG0001075	Cx_molestus	1	P450
OG0001075	Cx_pallens	1	P450
OG0001075	Cx_pipiens	1	P450
OG0001075	Cx_quinquefasciatus	1	P450
OG0001082	Cx_molestus	1	GST
OG0001082	Cx_pallens	1	GST
OG0001082	Cx_pipiens	1	GST
OG0001082	Cx_quinquefasciatus	2	GST
OG0001092	Cx_molestus	1	P450
OG0001092	Cx_pallens	1	P450
OG0001092	Cx_pipiens	1	P450
OG0001092	Cx_quinquefasciatus	1	P450
OG0001136	Cx_molestus	0	immune
OG0001136	Cx_pallens	1	immune
OG0001136	Cx_pipiens	1	immune
OG0001136	Cx_quinquefasciatus	1	immune
OG0001142	Cx_molestus	0	OBP
OG0001142	Cx_pallens	0	OBP
OG0001142	Cx_pipiens	1	OBP
OG0001142	Cx_quinquefasciatus	0	OBP
OG0001149	Cx_molestus	1	OR
OG0001149	Cx_pallens	1	OR
OG0001149	Cx_pipiens	1	OR
OG0001149	Cx_quinquefasciatus	1	OR
OG0001150	Cx_molestus	1	OBP
OG0001150	Cx_pallens	1	OBP
OG0001150	Cx_pipiens	1	OBP
OG0001150	Cx_quinquefasciatus	2	OBP
OG0001217	Cx_molestus	1	OR
OG0001217	Cx_pallens	1	OR
OG0001217	Cx_pipiens	2	OR
OG0001217	Cx_quinquefasciatus	2	OR
OG0001251	Cx_molestus	1	OR
OG0001251	Cx_pallens	1	OR
OG0001251	Cx_pipiens	1	OR
OG0001251	Cx_quinquefasciatus	1	OR
OG0001316	Cx_molestus	1	OR
OG0001316	Cx_pallens	1	OR
OG0001316	Cx_pipiens	1	OR
OG0001316	Cx_quinquefasciatus	1	OR
OG0001415	Cx_molestus	1	OR
OG0001415	Cx_pallens	1	OR
OG0001415	Cx_pipiens	1	OR
OG0001415	Cx_quinquefasciatus	2	OR
OG0001544	Cx_molestus	1	P450
OG0001544	Cx_pallens	1	P450
OG0001544	Cx_pipiens	1	P450
OG0001544	Cx_quinquefasciatus	1	P450
OG0001575	Cx_molestus	1	OBP
OG0001575	Cx_pallens	1	OBP
OG0001575	Cx_pipiens	1	OBP
OG0001575	Cx_quinquefasciatus	1	OBP
OG0001586	Cx_molestus	1	OR
OG0001586	Cx_pallens	1	OR
OG0001586	Cx_pipiens	1	OR
OG0001586	Cx_quinquefasciatus	1	OR
OG0001610	Cx_molestus	1	OR
OG0001610	Cx_pallens	1	OR
OG0001610	Cx_pipiens	1	OR
OG0001610	Cx_quinquefasciatus	1	OR
OG0001628	Cx_molestus	1	GR
OG0001628	Cx_pallens	1	GR
OG0001628	Cx_pipiens	1	GR
OG0001628	Cx_quinquefasciatus	1	GR
OG0001662	Cx_molestus	0	P450
OG0001662	Cx_pallens	1	P450
OG0001662	Cx_pipiens	2	P450
OG0001662	Cx_quinquefasciatus	2	P450
OG0001668	Cx_molestus	1	P450
OG0001668	Cx_pallens	1	P450
OG0001668	Cx_pipiens	1	P450
OG0001668	Cx_quinquefasciatus	1	P450
OG0001669	Cx_molestus	1	P450
OG0001669	Cx_pallens	1	P450
OG0001669	Cx_pipiens	1	P450
OG0001669	Cx_quinquefasciatus	1	P450
OG0001670	Cx_molestus	1	P450
OG0001670	Cx_pallens	1	P450
OG0001670	Cx_pipiens	1	P450
OG0001670	Cx_quinquefasciatus	1	P450
OG0001671	Cx_molestus	1	P450
OG0001671	Cx_pallens	1	P450
OG0001671	Cx_pipiens	1	P450
OG0001671	Cx_quinquefasciatus	1	P450
OG0001672	Cx_molestus	1	P450
OG0001672	Cx_pallens	1	P450
OG0001672	Cx_pipiens	1	P450
OG0001672	Cx_quinquefasciatus	1	P450
OG0001673	Cx_molestus	1	P450
OG0001673	Cx_pallens	0	P450
OG0001673	Cx_pipiens	1	P450
OG0001673	Cx_quinquefasciatus	2	P450
OG0001674	Cx_molestus	1	P450
OG0001674	Cx_pallens	1	P450
OG0001674	Cx_pipiens	1	P450
OG0001674	Cx_quinquefasciatus	1	P450
OG0001675	Cx_molestus	1	P450
OG0001675	Cx_pallens	1	P450
OG0001675	Cx_pipiens	1	P450
OG0001675	Cx_quinquefasciatus	1	P450
OG0001676	Cx_molestus	1	P450
OG0001676	Cx_pallens	1	P450
OG0001676	Cx_pipiens	1	P450
OG0001676	Cx_quinquefasciatus	1	P450
OG0001681	Cx_molestus	1	P450
OG0001681	Cx_pallens	1	P450
OG0001681	Cx_pipiens	1	P450
OG0001681	Cx_quinquefasciatus	1	P450
OG0001683	Cx_molestus	1	P450
OG0001683	Cx_pallens	1	P450
OG0001683	Cx_pipiens	1	P450
OG0001683	Cx_quinquefasciatus	1	P450
OG0001684	Cx_molestus	1	P450
OG0001684	Cx_pallens	1	P450
OG0001684	Cx_pipiens	1	P450
OG0001684	Cx_quinquefasciatus	1	P450
OG0001685	Cx_molestus	1	P450
OG0001685	Cx_pallens	1	P450
OG0001685	Cx_pipiens	1	P450
OG0001685	Cx_quinquefasciatus	1	P450
OG0001686	Cx_molestus	1	P450
OG0001686	Cx_pallens	1	P450
OG0001686	Cx_pipiens	1	P450
OG0001686	Cx_quinquefasciatus	1	P450
OG0001687	Cx_molestus	1	P450
OG0001687	Cx_pallens	1	P450
OG0001687	Cx_pipiens	1	P450
OG0001687	Cx_quinquefasciatus	1	P450
OG0001688	Cx_molestus	1	P450
OG0001688	Cx_pallens	1	P450
OG0001688	Cx_pipiens	1	P450
OG0001688	Cx_quinquefasciatus	1	P450
OG0001689	Cx_molestus	1	P450
OG0001689	Cx_pallens	1	P450
OG0001689	Cx_pipiens	1	P450
OG0001689	Cx_quinquefasciatus	1	P450
OG0001690	Cx_molestus	1	P450
OG0001690	Cx_pallens	1	P450
OG0001690	Cx_pipiens	1	P450
OG0001690	Cx_quinquefasciatus	1	P450
OG0001691	Cx_molestus	1	P450
OG0001691	Cx_pallens	1	P450
OG0001691	Cx_pipiens	1	P450
OG0001691	Cx_quinquefasciatus	1	P450
OG0001707	Cx_molestus	1	P450
OG0001707	Cx_pallens	1	P450
OG0001707	Cx_pipiens	1	P450
OG0001707	Cx_quinquefasciatus	1	P450
OG0001708	Cx_molestus	1	P450
OG0001708	Cx_pallens	1	P450
OG0001708	Cx_pipiens	1	P450
OG0001708	Cx_quinquefasciatus	1	P450
OG0001709	Cx_molestus	1	P450
OG0001709	Cx_pallens	1	P450
OG0001709	Cx_pipiens	1	P450
OG0001709	Cx_quinquefasciatus	1	P450
OG0001725	Cx_molestus	1	OR
OG0001725	Cx_pallens	1	OR
OG0001725	Cx_pipiens	1	OR
OG0001725	Cx_quinquefasciatus	1	OR
OG0001726	Cx_molestus	1	OR
OG0001726	Cx_pallens	1	OR
OG0001726	Cx_pipiens	1	OR
OG0001726	Cx_quinquefasciatus	1	OR
OG0001727	Cx_molestus	1	OR
OG0001727	Cx_pallens	1	OR
OG0001727	Cx_pipiens	1	OR
OG0001727	Cx_quinquefasciatus	1	OR
OG0001775	Cx_molestus	1	IR
OG0001775	Cx_pallens	1	IR
OG0001775	Cx_pipiens	1	IR
OG0001775	Cx_quinquefasciatus	1	IR
OG0001785	Cx_molestus	1	OR
OG0001785	Cx_pallens	1	OR
OG0001785	Cx_pipiens	1	OR
OG0001785	Cx_quinquefasciatus	1	OR
OG0001786	Cx_molestus	1	OR
OG0001786	Cx_pallens	1	OR
OG0001786	Cx_pipiens	1	OR
OG0001786	Cx_quinquefasciatus	1	OR
OG0001787	Cx_molestus	1	OR
OG0001787	Cx_pallens	1	OR
OG0001787	Cx_pipiens	1	OR
OG0001787	Cx_quinquefasciatus	1	OR
OG0001806	Cx_molestus	1	OR
OG0001806	Cx_pallens	1	OR
OG0001806	Cx_pipiens	1	OR
OG0001806	Cx_quinquefasciatus	1	OR
OG0001807	Cx_molestus	1	OR
OG0001807	Cx_pallens	1	OR
OG0001807	Cx_pipiens	1	OR
OG0001807	Cx_quinquefasciatus	1	OR
OG0001815	Cx_molestus	1	CSP
OG0001815	Cx_pallens	1	CSP
OG0001815	Cx_pipiens	1	CSP
OG0001815	Cx_quinquefasciatus	1	CSP
OG0001834	Cx_molestus	1	OR
OG0001834	Cx_pallens	1	OR
OG0001834	Cx_pipiens	1	OR
OG0001834	Cx_quinquefasciatus	1	OR
OG0001835	Cx_molestus	1	OR
OG0001835	Cx_pallens	1	OR
OG0001835	Cx_pipiens	1	OR
OG0001835	Cx_quinquefasciatus	1	OR
OG0001836	Cx_molestus	1	OR
OG0001836	Cx_pallens	1	OR
OG0001836	Cx_pipiens	0	OR
OG0001836	Cx_quinquefasciatus	1	OR
OG0001837	Cx_molestus	1	OR
OG0001837	Cx_pallens	1	OR
OG0001837	Cx_pipiens	1	OR
OG0001837	Cx_quinquefasciatus	1	OR
OG0001850	Cx_molestus	1	CCE
OG0001850	Cx_pallens	1	CCE
OG0001850	Cx_pipiens	1	CCE
OG0001850	Cx_quinquefasciatus	1	CCE
OG0001864	Cx_molestus	1	CCE
OG0001864	Cx_pallens	1	CCE
OG0001864	Cx_pipiens	1	CCE
OG0001864	Cx_quinquefasciatus	1	CCE
OG0001865	Cx_molestus	1	OR
OG0001865	Cx_pallens	1	OR
OG0001865	Cx_pipiens	1	OR
OG0001865	Cx_quinquefasciatus	1	OR
OG0001866	Cx_molestus	1	OR
OG0001866	Cx_pallens	1	OR
OG0001866	Cx_pipiens	1	OR
OG0001866	Cx_quinquefasciatus	1	OR
OG0001871	Cx_molestus	1	GST
OG0001871	Cx_pallens	1	GST
OG0001871	Cx_pipiens	1	GST
OG0001871	Cx_quinquefasciatus	1	GST
OG0001873	Cx_molestus	0	GST
OG0001873	Cx_pallens	0	GST
OG0001873	Cx_pipiens	0	GST
OG0001873	Cx_quinquefasciatus	1	GST
OG0001893	Cx_molestus	1	IR
OG0001893	Cx_pallens	1	IR
OG0001893	Cx_pipiens	1	IR
OG0001893	Cx_quinquefasciatus	1	IR
OG0001894	Cx_molestus	1	IR
OG0001894	Cx_pallens	1	IR
OG0001894	Cx_pipiens	1	IR
OG0001894	Cx_quinquefasciatus	1	IR
OG0001899	Cx_molestus	1	OR
OG0001899	Cx_pallens	1	OR
OG0001899	Cx_pipiens	1	OR
OG0001899	Cx_quinquefasciatus	1	OR
OG0001908	Cx_molestus	1	OBP
OG0001908	Cx_pallens	1	OBP
OG0001908	Cx_pipiens	1	OBP
OG0001908	Cx_quinquefasciatus	1	OBP
OG0001909	Cx_molestus	1	OBP
OG0001909	Cx_pallens	0	OBP
OG0001909	Cx_pipiens	1	OBP
OG0001909	Cx_quinquefasciatus	1	OBP
OG0001910	Cx_molestus	1	OBP
OG0001910	Cx_pallens	1	OBP
OG0001910	Cx_pipiens	1	OBP
OG0001910	Cx_quinquefasciatus	1	OBP
OG0001911	Cx_molestus	1	OBP
OG0001911	Cx_pallens	1	OBP
OG0001911	Cx_pipiens	1	OBP
OG0001911	Cx_quinquefasciatus	1	OBP
OG0001947	Cx_molestus	1	OBP
OG0001947	Cx_pallens	1	OBP
OG0001947	Cx_pipiens	1	OBP
OG0001947	Cx_quinquefasciatus	1	OBP
OG0001957	Cx_molestus	1	P450
OG0001957	Cx_pallens	1	P450
OG0001957	Cx_pipiens	1	P450
OG0001957	Cx_quinquefasciatus	1	P450
OG0001958	Cx_molestus	1	P450
OG0001958	Cx_pallens	1	P450
OG0001958	Cx_pipiens	1	P450
OG0001958	Cx_quinquefasciatus	1	P450
OG0001960	Cx_molestus	0	GR
OG0001960	Cx_pallens	1	GR
OG0001960	Cx_pipiens	1	GR
OG0001960	Cx_quinquefasciatus	1	GR
OG0001961	Cx_molestus	1	P450
OG0001961	Cx_pallens	1	P450
OG0001961	Cx_pipiens	1	P450
OG0001961	Cx_quinquefasciatus	1	P450
OG0001962	Cx_molestus	1	P450
OG0001962	Cx_pallens	1	P450
OG0001962	Cx_pipiens	1	P450
OG0001962	Cx_quinquefasciatus	1	P450
OG0001968	Cx_molestus	1	P450
OG0001968	Cx_pallens	1	P450
OG0001968	Cx_pipiens	1	P450
OG0001968	Cx_quinquefasciatus	1	P450
OG0001975	Cx_molestus	1	OBP
OG0001975	Cx_pallens	1	OBP
OG0001975	Cx_pipiens	1	OBP
OG0001975	Cx_quinquefasciatus	1	OBP
OG0001976	Cx_molestus	1	OBP
OG0001976	Cx_pallens	1	OBP
OG0001976	Cx_pipiens	1	OBP
OG0001976	Cx_quinquefasciatus	1	OBP
OG0001983	Cx_molestus	1	IR
OG0001983	Cx_pallens	1	IR
OG0001983	Cx_pipiens	1	IR
OG0001983	Cx_quinquefasciatus	1	IR
OG0001985	Cx_molestus	1	IR
OG0001985	Cx_pallens	1	IR
OG0001985	Cx_pipiens	1	IR
OG0001985	Cx_quinquefasciatus	1	IR
OG0001988	Cx_molestus	1	GST
OG0001988	Cx_pallens	1	GST
OG0001988	Cx_pipiens	1	GST
OG0001988	Cx_quinquefasciatus	1	GST
OG0001989	Cx_molestus	1	GST
OG0001989	Cx_pallens	1	GST
OG0001989	Cx_pipiens	1	GST
OG0001989	Cx_quinquefasciatus	1	GST
OG0001990	Cx_molestus	1	GST
OG0001990	Cx_pallens	1	GST
OG0001990	Cx_pipiens	1	GST
OG0001990	Cx_quinquefasciatus	1	GST
OG0001999	Cx_molestus	1	P450
OG0001999	Cx_pallens	1	P450
OG0001999	Cx_pipiens	1	P450
OG0001999	Cx_quinquefasciatus	1	P450
OG0002001	Cx_molestus	1	OR
OG0002001	Cx_pallens	1	OR
OG0002001	Cx_pipiens	1	OR
OG0002001	Cx_quinquefasciatus	1	OR
OG0002002	Cx_molestus	0	OR
OG0002002	Cx_pallens	1	OR
OG0002002	Cx_pipiens	0	OR
OG0002002	Cx_quinquefasciatus	1	OR
OG0002003	Cx_molestus	1	CCE
OG0002003	Cx_pallens	1	CCE
OG0002003	Cx_pipiens	1	CCE
OG0002003	Cx_quinquefasciatus	1	CCE
OG0002004	Cx_molestus	1	CCE
OG0002004	Cx_pallens	1	CCE
OG0002004	Cx_pipiens	1	CCE
OG0002004	Cx_quinquefasciatus	1	CCE
OG0002005	Cx_molestus	1	immune
OG0002005	Cx_pallens	1	immune
OG0002005	Cx_pipiens	1	immune
OG0002005	Cx_quinquefasciatus	1	immune
OG0002011	Cx_molestus	1	OBP
OG0002011	Cx_pallens	1	OBP
OG0002011	Cx_pipiens	1	OBP
OG0002011	Cx_quinquefasciatus	1	OBP
OG0002056	Cx_molestus	1	P450
OG0002056	Cx_pallens	1	P450
OG0002056	Cx_pipiens	1	P450
OG0002056	Cx_quinquefasciatus	1	P450
OG0002057	Cx_molestus	1	P450
OG0002057	Cx_pallens	1	P450
OG0002057	Cx_pipiens	1	P450
OG0002057	Cx_quinquefasciatus	1	P450
OG0002116	Cx_molestus	1	OBP
OG0002116	Cx_pallens	1	OBP
OG0002116	Cx_pipiens	1	OBP
OG0002116	Cx_quinquefasciatus	1	OBP
OG0002181	Cx_molestus	1	OBP
OG0002181	Cx_pallens	1	OBP
OG0002181	Cx_pipiens	1	OBP
OG0002181	Cx_quinquefasciatus	1	OBP
OG0002200	Cx_molestus	1	OR
OG0002200	Cx_pallens	1	OR
OG0002200	Cx_pipiens	1	OR
OG0002200	Cx_quinquefasciatus	1	OR
OG0002260	Cx_molestus	1	P450
OG0002260	Cx_pallens	1	P450
OG0002260	Cx_pipiens	1	P450
OG0002260	Cx_quinquefasciatus	1	P450
OG0002278	Cx_molestus	1	OBP
OG0002278	Cx_pallens	1	OBP
OG0002278	Cx_pipiens	1	OBP
OG0002278	Cx_quinquefasciatus	1	OBP
OG0002301	Cx_molestus	0	immune
OG0002301	Cx_pallens	1	immune
OG0002301	Cx_pipiens	0	immune
OG0002301	Cx_quinquefasciatus	2	immune
OG0002308	Cx_molestus	1	OR
OG0002308	Cx_pallens	1	OR
OG0002308	Cx_pipiens	1	OR
OG0002308	Cx_quinquefasciatus	1	OR
OG0002309	Cx_molestus	1	OR
OG0002309	Cx_pallens	1	OR
OG0002309	Cx_pipiens	1	OR
OG0002309	Cx_quinquefasciatus	1	OR
OG0002320	Cx_molestus	1	P450
OG0002320	Cx_pallens	1	P450
OG0002320	Cx_pipiens	1	P450
OG0002320	Cx_quinquefasciatus	1	P450
OG0002321	Cx_molestus	1	P450
OG0002321	Cx_pallens	1	P450
OG0002321	Cx_pipiens	1	P450
OG0002321	Cx_quinquefasciatus	1	P450
OG0002342	Cx_molestus	1	OBP
OG0002342	Cx_pallens	1	OBP
OG0002342	Cx_pipiens	1	OBP
OG0002342	Cx_quinquefasciatus	1	OBP
OG0002343	Cx_molestus	1	OBP
OG0002343	Cx_pallens	1	OBP
OG0002343	Cx_pipiens	1	OBP
OG0002343	Cx_quinquefasciatus	1	OBP
OG0002373	Cx_molestus	1	CCE
OG0002373	Cx_pallens	1	CCE
OG0002373	Cx_pipiens	1	CCE
OG0002373	Cx_quinquefasciatus	1	CCE
OG0002374	Cx_molestus	1	CCE
OG0002374	Cx_pallens	1	CCE
OG0002374	Cx_pipiens	1	CCE
OG0002374	Cx_quinquefasciatus	1	CCE
OG0002447	Cx_molestus	1	OBP
OG0002447	Cx_pallens	1	OBP
OG0002447	Cx_pipiens	1	OBP
OG0002447	Cx_quinquefasciatus	1	OBP
OG0002448	Cx_molestus	1	OBP
OG0002448	Cx_pallens	1	OBP
OG0002448	Cx_pipiens	1	OBP
OG0002448	Cx_quinquefasciatus	1	OBP
OG0002489	Cx_molestus	1	P450
OG0002489	Cx_pallens	1	P450
OG0002489	Cx_pipiens	0	P450
OG0002489	Cx_quinquefasciatus	1	P450
OG0002490	Cx_molestus	1	P450
OG0002490	Cx_pallens	1	P450
OG0002490	Cx_pipiens	1	P450
OG0002490	Cx_quinquefasciatus	1	P450
OG0002497	Cx_molestus	1	IR
OG0002497	Cx_pallens	1	IR
OG0002497	Cx_pipiens	1	IR
OG0002497	Cx_quinquefasciatus	1	IR
OG0002498	Cx_molestus	1	IR
OG0002498	Cx_pallens	1	IR
OG0002498	Cx_pipiens	1	IR
OG0002498	Cx_quinquefasciatus	1	IR
OG0002511	Cx_molestus	1	IR
OG0002511	Cx_pallens	1	IR
OG0002511	Cx_pipiens	1	IR
OG0002511	Cx_quinquefasciatus	1	IR
OG0002515	Cx_molestus	1	P450
OG0002515	Cx_pallens	1	P450
OG0002515	Cx_pipiens	1	P450
OG0002515	Cx_quinquefasciatus	1	P450
OG0002516	Cx_molestus	1	P450
OG0002516	Cx_pallens	1	P450
OG0002516	Cx_pipiens	1	P450
OG0002516	Cx_quinquefasciatus	1	P450
OG0002533	Cx_molestus	1	OR
OG0002533	Cx_pallens	1	OR
OG0002533	Cx_pipiens	1	OR
OG0002533	Cx_quinquefasciatus	1	OR
OG0002534	Cx_molestus	1	OR
OG0002534	Cx_pallens	1	OR
OG0002534	Cx_pipiens	1	OR
OG0002534	Cx_quinquefasciatus	1	OR
OG0002547	Cx_molestus	1	IR
OG0002547	Cx_pallens	1	IR
OG0002547	Cx_pipiens	1	IR
OG0002547	Cx_quinquefasciatus	1	IR
OG0002548	Cx_molestus	1	IR
OG0002548	Cx_pallens	1	IR
OG0002548	Cx_pipiens	1	IR
OG0002548	Cx_quinquefasciatus	1	IR
OG0002558	Cx_molestus	1	GR
OG0002558	Cx_pallens	1	GR
OG0002558	Cx_pipiens	1	GR
OG0002558	Cx_quinquefasciatus	1	GR
OG0002579	Cx_molestus	1	CCE
OG0002579	Cx_pallens	1	CCE
OG0002579	Cx_pipiens	1	CCE
OG0002579	Cx_quinquefasciatus	1	CCE
OG0002580	Cx_molestus	1	OR
OG0002580	Cx_pallens	1	OR
OG0002580	Cx_pipiens	1	OR
OG0002580	Cx_quinquefasciatus	1	OR
OG0002583	Cx_molestus	1	GR
OG0002583	Cx_pallens	1	GR
OG0002583	Cx_pipiens	1	GR
OG0002583	Cx_quinquefasciatus	1	GR
OG0002586	Cx_molestus	1	GR
OG0002586	Cx_pallens	1	GR
OG0002586	Cx_pipiens	1	GR
OG0002586	Cx_quinquefasciatus	1	GR
OG0002588	Cx_molestus	1	P450
OG0002588	Cx_pallens	1	P450
OG0002588	Cx_pipiens	1	P450
OG0002588	Cx_quinquefasciatus	1	P450
OG0002592	Cx_molestus	1	GST
OG0002592	Cx_pallens	1	GST
OG0002592	Cx_pipiens	1	GST
OG0002592	Cx_quinquefasciatus	1	GST
OG0002609	Cx_molestus	1	CCE
OG0002609	Cx_pallens	1	CCE
OG0002609	Cx_pipiens	1	CCE
OG0002609	Cx_quinquefasciatus	1	CCE
OG0002631	Cx_molestus	1	IR
OG0002631	Cx_pallens	1	IR
OG0002631	Cx_pipiens	1	IR
OG0002631	Cx_quinquefasciatus	1	IR
OG0002654	Cx_molestus	1	OR
OG0002654	Cx_pallens	1	OR
OG0002654	Cx_pipiens	1	OR
OG0002654	Cx_quinquefasciatus	1	OR
OG0002663	Cx_molestus	1	OBP
OG0002663	Cx_pallens	1	OBP
OG0002663	Cx_pipiens	1	OBP
OG0002663	Cx_quinquefasciatus	1	OBP
OG0002714	Cx_molestus	1	CCE
OG0002714	Cx_pallens	1	CCE
OG0002714	Cx_pipiens	1	CCE
OG0002714	Cx_quinquefasciatus	1	CCE
OG0002732	Cx_molestus	1	GST
OG0002732	Cx_pallens	1	GST
OG0002732	Cx_pipiens	1	GST
OG0002732	Cx_quinquefasciatus	1	GST
OG0002799	Cx_molestus	1	GR
OG0002799	Cx_pallens	1	GR
OG0002799	Cx_pipiens	1	GR
OG0002799	Cx_quinquefasciatus	1	GR
OG0002900	Cx_molestus	1	GR
OG0002900	Cx_pallens	1	GR
OG0002900	Cx_pipiens	1	GR
OG0002900	Cx_quinquefasciatus	1	GR
OG0002920	Cx_molestus	1	OR
OG0002920	Cx_pallens	1	OR
OG0002920	Cx_pipiens	1	OR
OG0002920	Cx_quinquefasciatus	1	OR
OG0002990	Cx_molestus	1	OBP
OG0002990	Cx_pallens	1	OBP
OG0002990	Cx_pipiens	1	OBP
OG0002990	Cx_quinquefasciatus	1	OBP
OG0003012	Cx_molestus	1	GST
OG0003012	Cx_pallens	1	GST
OG0003012	Cx_pipiens	1	GST
OG0003012	Cx_quinquefasciatus	1	GST
OG0003164	Cx_molestus	1	CCE
OG0003164	Cx_pallens	1	CCE
OG0003164	Cx_pipiens	1	CCE
OG0003164	Cx_quinquefasciatus	1	CCE
OG0003214	Cx_molestus	1	GR
OG0003214	Cx_pallens	1	GR
OG0003214	Cx_pipiens	1	GR
OG0003214	Cx_quinquefasciatus	1	GR
OG0003340	Cx_molestus	1	OR
OG0003340	Cx_pallens	1	OR
OG0003340	Cx_pipiens	1	OR
OG0003340	Cx_quinquefasciatus	1	OR
OG0003341	Cx_molestus	1	OR
OG0003341	Cx_pallens	1	OR
OG0003341	Cx_pipiens	1	OR
OG0003341	Cx_quinquefasciatus	1	OR
OG0003352	Cx_molestus	1	P450
OG0003352	Cx_pallens	1	P450
OG0003352	Cx_pipiens	1	P450
OG0003352	Cx_quinquefasciatus	1	P450
OG0003353	Cx_molestus	1	P450
OG0003353	Cx_pallens	1	P450
OG0003353	Cx_pipiens	1	P450
OG0003353	Cx_quinquefasciatus	1	P450
OG0003438	Cx_molestus	1	immune
OG0003438	Cx_pallens	1	immune
OG0003438	Cx_pipiens	1	immune
OG0003438	Cx_quinquefasciatus	1	immune
OG0003507	Cx_molestus	1	OBP
OG0003507	Cx_pallens	1	OBP
OG0003507	Cx_pipiens	1	OBP
OG0003507	Cx_quinquefasciatus	1	OBP
OG0003554	Cx_molestus	1	P450
OG0003554	Cx_pallens	1	P450
OG0003554	Cx_pipiens	1	P450
OG0003554	Cx_quinquefasciatus	1	P450
OG0003585	Cx_molestus	1	CCE
OG0003585	Cx_pallens	1	CCE
OG0003585	Cx_pipiens	1	CCE
OG0003585	Cx_quinquefasciatus	1	CCE
OG0003606	Cx_molestus	1	OBP
OG0003606	Cx_pallens	1	OBP
OG0003606	Cx_pipiens	1	OBP
OG0003606	Cx_quinquefasciatus	1	OBP
OG0003607	Cx_molestus	1	OBP
OG0003607	Cx_pallens	1	OBP
OG0003607	Cx_pipiens	1	OBP
OG0003607	Cx_quinquefasciatus	1	OBP
OG0003699	Cx_molestus	1	OBP
OG0003699	Cx_pallens	1	OBP
OG0003699	Cx_pipiens	1	OBP
OG0003699	Cx_quinquefasciatus	1	OBP
OG0003700	Cx_molestus	1	OBP
OG0003700	Cx_pallens	1	OBP
OG0003700	Cx_pipiens	1	OBP
OG0003700	Cx_quinquefasciatus	1	OBP
OG0003701	Cx_molestus	1	OBP
OG0003701	Cx_pallens	1	OBP
OG0003701	Cx_pipiens	1	OBP
OG0003701	Cx_quinquefasciatus	1	OBP
OG0003925	Cx_molestus	1	GR
OG0003925	Cx_pallens	1	GR
OG0003925	Cx_pipiens	1	GR
OG0003925	Cx_quinquefasciatus	1	GR
OG0004070	Cx_molestus	1	CSP
OG0004070	Cx_pallens	1	CSP
OG0004070	Cx_pipiens	1	CSP
OG0004070	Cx_quinquefasciatus	1	CSP
OG0004282	Cx_molestus	1	IR
OG0004282	Cx_pallens	1	IR
OG0004282	Cx_pipiens	1	IR
OG0004282	Cx_quinquefasciatus	1	IR
OG0004437	Cx_molestus	1	CCE
OG0004437	Cx_pallens	1	CCE
OG0004437	Cx_pipiens	1	CCE
OG0004437	Cx_quinquefasciatus	1	CCE
OG0004537	Cx_molestus	1	immune
OG0004537	Cx_pallens	1	immune
OG0004537	Cx_pipiens	1	immune
OG0004537	Cx_quinquefasciatus	1	immune
OG0004608	Cx_molestus	1	OBP
OG0004608	Cx_pallens	1	OBP
OG0004608	Cx_pipiens	1	OBP
OG0004608	Cx_quinquefasciatus	1	OBP
OG0004986	Cx_molestus	1	IR
OG0004986	Cx_pallens	1	IR
OG0004986	Cx_pipiens	1	IR
OG0004986	Cx_quinquefasciatus	1	IR
OG0004993	Cx_molestus	1	GR
OG0004993	Cx_pallens	1	GR
OG0004993	Cx_pipiens	1	GR
OG0004993	Cx_quinquefasciatus	1	GR
OG0005068	Cx_molestus	1	OR
OG0005068	Cx_pallens	1	OR
OG0005068	Cx_pipiens	1	OR
OG0005068	Cx_quinquefasciatus	1	OR
OG0005105	Cx_molestus	1	GST
OG0005105	Cx_pallens	1	GST
OG0005105	Cx_pipiens	1	GST
OG0005105	Cx_quinquefasciatus	1	GST
OG0005446	Cx_molestus	1	GR
OG0005446	Cx_pallens	1	GR
OG0005446	Cx_pipiens	1	GR
OG0005446	Cx_quinquefasciatus	1	GR
OG0005509	Cx_molestus	1	CCE
OG0005509	Cx_pallens	1	CCE
OG0005509	Cx_pipiens	1	CCE
OG0005509	Cx_quinquefasciatus	1	CCE
OG0005522	Cx_molestus	1	OBP
OG0005522	Cx_pallens	1	OBP
OG0005522	Cx_pipiens	1	OBP
OG0005522	Cx_quinquefasciatus	1	OBP
OG0005523	Cx_molestus	1	OBP
OG0005523	Cx_pallens	1	OBP
OG0005523	Cx_pipiens	1	OBP
OG0005523	Cx_quinquefasciatus	1	OBP
OG0005524	Cx_molestus	1	OBP
OG0005524	Cx_pallens	1	OBP
OG0005524	Cx_pipiens	1	OBP
OG0005524	Cx_quinquefasciatus	1	OBP
OG0005535	Cx_molestus	1	GST
OG0005535	Cx_pallens	1	GST
OG0005535	Cx_pipiens	1	GST
OG0005535	Cx_quinquefasciatus	1	GST
OG0005560	Cx_molestus	1	CCE
OG0005560	Cx_pallens	1	CCE
OG0005560	Cx_pipiens	1	CCE
OG0005560	Cx_quinquefasciatus	1	CCE
OG0005718	Cx_molestus	1	CCE
OG0005718	Cx_pallens	1	CCE
OG0005718	Cx_pipiens	1	CCE
OG0005718	Cx_quinquefasciatus	1	CCE
OG0005797	Cx_molestus	1	GR
OG0005797	Cx_pallens	1	GR
OG0005797	Cx_pipiens	1	GR
OG0005797	Cx_quinquefasciatus	1	GR
OG0005883	Cx_molestus	1	OR
OG0005883	Cx_pallens	1	OR
OG0005883	Cx_pipiens	1	OR
OG0005883	Cx_quinquefasciatus	1	OR
OG0005904	Cx_molestus	1	immune
OG0005904	Cx_pallens	1	immune
OG0005904	Cx_pipiens	1	immune
OG0005904	Cx_quinquefasciatus	1	immune
OG0005937	Cx_molestus	1	immune
OG0005937	Cx_pallens	1	immune
OG0005937	Cx_pipiens	1	immune
OG0005937	Cx_quinquefasciatus	1	immune
OG0005979	Cx_molestus	1	OR
OG0005979	Cx_pallens	1	OR
OG0005979	Cx_pipiens	1	OR
OG0005979	Cx_quinquefasciatus	1	OR
OG0005990	Cx_molestus	1	OBP
OG0005990	Cx_pallens	1	OBP
OG0005990	Cx_pipiens	1	OBP
OG0005990	Cx_quinquefasciatus	1	OBP
OG0006118	Cx_molestus	1	IR
OG0006118	Cx_pallens	1	IR
OG0006118	Cx_pipiens	1	IR
OG0006118	Cx_quinquefasciatus	1	IR
OG0006162	Cx_molestus	1	GST
OG0006162	Cx_pallens	1	GST
OG0006162	Cx_pipiens	1	GST
OG0006162	Cx_quinquefasciatus	1	GST
OG0006172	Cx_molestus	1	GST
OG0006172	Cx_pallens	1	GST
OG0006172	Cx_pipiens	1	GST
OG0006172	Cx_quinquefasciatus	1	GST
OG0006189	Cx_molestus	1	OR
OG0006189	Cx_pallens	1	OR
OG0006189	Cx_pipiens	1	OR
OG0006189	Cx_quinquefasciatus	1	OR
OG0006190	Cx_molestus	1	OR
OG0006190	Cx_pallens	1	OR
OG0006190	Cx_pipiens	1	OR
OG0006190	Cx_quinquefasciatus	1	OR
OG0006192	Cx_molestus	1	OBP
OG0006192	Cx_pallens	1	OBP
OG0006192	Cx_pipiens	1	OBP
OG0006192	Cx_quinquefasciatus	1	OBP
OG0006213	Cx_molestus	1	CCE
OG0006213	Cx_pallens	1	CCE
OG0006213	Cx_pipiens	1	CCE
OG0006213	Cx_quinquefasciatus	1	CCE
OG0006275	Cx_molestus	1	GST
OG0006275	Cx_pallens	1	GST
OG0006275	Cx_pipiens	1	GST
OG0006275	Cx_quinquefasciatus	1	GST
OG0006283	Cx_molestus	1	GST
OG0006283	Cx_pallens	1	GST
OG0006283	Cx_pipiens	1	GST
OG0006283	Cx_quinquefasciatus	1	GST
OG0006372	Cx_molestus	1	OBP
OG0006372	Cx_pallens	1	OBP
OG0006372	Cx_pipiens	1	OBP
OG0006372	Cx_quinquefasciatus	1	OBP
OG0006417	Cx_molestus	1	IR
OG0006417	Cx_pallens	1	IR
OG0006417	Cx_pipiens	1	IR
OG0006417	Cx_quinquefasciatus	1	IR
OG0006429	Cx_molestus	1	OBP
OG0006429	Cx_pallens	1	OBP
OG0006429	Cx_pipiens	1	OBP
OG0006429	Cx_quinquefasciatus	1	OBP
OG0006504	Cx_molestus	1	P450
OG0006504	Cx_pallens	1	P450
OG0006504	Cx_pipiens	1	P450
OG0006504	Cx_quinquefasciatus	2	P450
OG0006555	Cx_molestus	1	CCE
OG0006555	Cx_pallens	1	CCE
OG0006555	Cx_pipiens	1	CCE
OG0006555	Cx_quinquefasciatus	1	CCE
OG0006610	Cx_molestus	1	immune
OG0006610	Cx_pallens	1	immune
OG0006610	Cx_pipiens	1	immune
OG0006610	Cx_quinquefasciatus	1	immune
OG0006820	Cx_molestus	1	GR
OG0006820	Cx_pallens	1	GR
OG0006820	Cx_pipiens	1	GR
OG0006820	Cx_quinquefasciatus	1	GR
OG0006914	Cx_molestus	1	OR
OG0006914	Cx_pallens	1	OR
OG0006914	Cx_pipiens	1	OR
OG0006914	Cx_quinquefasciatus	1	OR
OG0007048	Cx_molestus	1	CCE
OG0007048	Cx_pallens	1	CCE
OG0007048	Cx_pipiens	1	CCE
OG0007048	Cx_quinquefasciatus	1	CCE
OG0007064	Cx_molestus	1	OBP
OG0007064	Cx_pallens	1	OBP
OG0007064	Cx_pipiens	1	OBP
OG0007064	Cx_quinquefasciatus	1	OBP
OG0007065	Cx_molestus	1	OBP
OG0007065	Cx_pallens	1	OBP
OG0007065	Cx_pipiens	1	OBP
OG0007065	Cx_quinquefasciatus	1	OBP
OG0007066	Cx_molestus	1	OBP
OG0007066	Cx_pallens	1	OBP
OG0007066	Cx_pipiens	1	OBP
OG0007066	Cx_quinquefasciatus	1	OBP
OG0007067	Cx_molestus	1	OBP
OG0007067	Cx_pallens	1	OBP
OG0007067	Cx_pipiens	1	OBP
OG0007067	Cx_quinquefasciatus	1	OBP
OG0007249	Cx_molestus	1	CCE
OG0007249	Cx_pallens	1	CCE
OG0007249	Cx_pipiens	1	CCE
OG0007249	Cx_quinquefasciatus	1	CCE
OG0007338	Cx_molestus	1	GST
OG0007338	Cx_pallens	1	GST
OG0007338	Cx_pipiens	1	GST
OG0007338	Cx_quinquefasciatus	1	GST
OG0007379	Cx_molestus	1	CCE
OG0007379	Cx_pallens	1	CCE
OG0007379	Cx_pipiens	1	CCE
OG0007379	Cx_quinquefasciatus	1	CCE
OG0007415	Cx_molestus	1	OR
OG0007415	Cx_pallens	1	OR
OG0007415	Cx_pipiens	1	OR
OG0007415	Cx_quinquefasciatus	1	OR
OG0007421	Cx_molestus	1	OR
OG0007421	Cx_pallens	1	OR
OG0007421	Cx_pipiens	1	OR
OG0007421	Cx_quinquefasciatus	1	OR
OG0007437	Cx_molestus	1	GR
OG0007437	Cx_pallens	1	GR
OG0007437	Cx_pipiens	1	GR
OG0007437	Cx_quinquefasciatus	1	GR
OG0007448	Cx_molestus	1	CCE
OG0007448	Cx_pallens	1	CCE
OG0007448	Cx_pipiens	1	CCE
OG0007448	Cx_quinquefasciatus	1	CCE
OG0007492	Cx_molestus	1	OBP
OG0007492	Cx_pallens	1	OBP
OG0007492	Cx_pipiens	1	OBP
OG0007492	Cx_quinquefasciatus	1	OBP
OG0007633	Cx_molestus	1	OBP
OG0007633	Cx_pallens	1	OBP
OG0007633	Cx_pipiens	1	OBP
OG0007633	Cx_quinquefasciatus	1	OBP
OG0007655	Cx_molestus	1	CCE
OG0007655	Cx_pallens	1	CCE
OG0007655	Cx_pipiens	1	CCE
OG0007655	Cx_quinquefasciatus	1	CCE
OG0007696	Cx_molestus	1	OR
OG0007696	Cx_pallens	1	OR
OG0007696	Cx_pipiens	1	OR
OG0007696	Cx_quinquefasciatus	1	OR
OG0007710	Cx_molestus	1	CCE
OG0007710	Cx_pallens	1	CCE
OG0007710	Cx_pipiens	1	CCE
OG0007710	Cx_quinquefasciatus	1	CCE
OG0007713	Cx_molestus	1	immune
OG0007713	Cx_pallens	1	immune
OG0007713	Cx_pipiens	1	immune
OG0007713	Cx_quinquefasciatus	1	immune
OG0007793	Cx_molestus	1	OR
OG0007793	Cx_pallens	1	OR
OG0007793	Cx_pipiens	1	OR
OG0007793	Cx_quinquefasciatus	1	OR
OG0007799	Cx_molestus	1	GR
OG0007799	Cx_pallens	1	GR
OG0007799	Cx_pipiens	1	GR
OG0007799	Cx_quinquefasciatus	1	GR
OG0007800	Cx_molestus	1	GR
OG0007800	Cx_pallens	1	GR
OG0007800	Cx_pipiens	1	GR
OG0007800	Cx_quinquefasciatus	1	GR
OG0007830	Cx_molestus	1	GR
OG0007830	Cx_pallens	1	GR
OG0007830	Cx_pipiens	1	GR
OG0007830	Cx_quinquefasciatus	1	GR
OG0007871	Cx_molestus	1	immune
OG0007871	Cx_pallens	1	immune
OG0007871	Cx_pipiens	1	immune
OG0007871	Cx_quinquefasciatus	1	immune
OG0007895	Cx_molestus	1	OR
OG0007895	Cx_pallens	1	OR
OG0007895	Cx_pipiens	1	OR
OG0007895	Cx_quinquefasciatus	1	OR
OG0007940	Cx_molestus	1	CCE
OG0007940	Cx_pallens	1	CCE
OG0007940	Cx_pipiens	1	CCE
OG0007940	Cx_quinquefasciatus	1	CCE
OG0007951	Cx_molestus	1	immune
OG0007951	Cx_pallens	1	immune
OG0007951	Cx_pipiens	1	immune
OG0007951	Cx_quinquefasciatus	1	immune
OG0008067	Cx_molestus	1	GR
OG0008067	Cx_pallens	1	GR
OG0008067	Cx_pipiens	1	GR
OG0008067	Cx_quinquefasciatus	1	GR
OG0008099	Cx_molestus	1	GR
OG0008099	Cx_pallens	1	GR
OG0008099	Cx_pipiens	1	GR
OG0008099	Cx_quinquefasciatus	1	GR
OG0008164	Cx_molestus	1	OBP
OG0008164	Cx_pallens	1	OBP
OG0008164	Cx_pipiens	1	OBP
OG0008164	Cx_quinquefasciatus	1	OBP
OG0008173	Cx_molestus	1	OBP
OG0008173	Cx_pallens	1	OBP
OG0008173	Cx_pipiens	1	OBP
OG0008173	Cx_quinquefasciatus	1	OBP
OG0008225	Cx_molestus	1	GR
OG0008225	Cx_pallens	1	GR
OG0008225	Cx_pipiens	1	GR
OG0008225	Cx_quinquefasciatus	1	GR
OG0008277	Cx_molestus	1	IR
OG0008277	Cx_pallens	1	IR
OG0008277	Cx_pipiens	1	IR
OG0008277	Cx_quinquefasciatus	1	IR
OG0008380	Cx_molestus	1	OBP
OG0008380	Cx_pallens	1	OBP
OG0008380	Cx_pipiens	1	OBP
OG0008380	Cx_quinquefasciatus	1	OBP
OG0008723	Cx_molestus	1	P450
OG0008723	Cx_pallens	1	P450
OG0008723	Cx_pipiens	0	P450
OG0008723	Cx_quinquefasciatus	1	P450
OG0008724	Cx_molestus	0	P450
OG0008724	Cx_pallens	1	P450
OG0008724	Cx_pipiens	1	P450
OG0008724	Cx_quinquefasciatus	1	P450
OG0008725	Cx_molestus	0	P450
OG0008725	Cx_pallens	1	P450
OG0008725	Cx_pipiens	1	P450
OG0008725	Cx_quinquefasciatus	1	P450
OG0008726	Cx_molestus	1	P450
OG0008726	Cx_pallens	1	P450
OG0008726	Cx_pipiens	1	P450
OG0008726	Cx_quinquefasciatus	1	P450
OG0008727	Cx_molestus	1	P450
OG0008727	Cx_pallens	0	P450
OG0008727	Cx_pipiens	0	P450
OG0008727	Cx_quinquefasciatus	1	P450
OG0008732	Cx_molestus	0	P450
OG0008732	Cx_pallens	1	P450
OG0008732	Cx_pipiens	0	P450
OG0008732	Cx_quinquefasciatus	2	P450
OG0008733	Cx_molestus	1	P450
OG0008733	Cx_pallens	1	P450
OG0008733	Cx_pipiens	1	P450
OG0008733	Cx_quinquefasciatus	1	P450
OG0008734	Cx_molestus	1	P450
OG0008734	Cx_pallens	0	P450
OG0008734	Cx_pipiens	1	P450
OG0008734	Cx_quinquefasciatus	1	P450
OG0008735	Cx_molestus	1	P450
OG0008735	Cx_pallens	1	P450
OG0008735	Cx_pipiens	1	P450
OG0008735	Cx_quinquefasciatus	1	P450
OG0008737	Cx_molestus	1	P450
OG0008737	Cx_pallens	1	P450
OG0008737	Cx_pipiens	0	P450
OG0008737	Cx_quinquefasciatus	1	P450
OG0008738	Cx_molestus	0	P450
OG0008738	Cx_pallens	1	P450
OG0008738	Cx_pipiens	1	P450
OG0008738	Cx_quinquefasciatus	1	P450
OG0008751	Cx_molestus	1	P450
OG0008751	Cx_pallens	1	P450
OG0008751	Cx_pipiens	1	P450
OG0008751	Cx_quinquefasciatus	1	P450
OG0008752	Cx_molestus	1	P450
OG0008752	Cx_pallens	0	P450
OG0008752	Cx_pipiens	1	P450
OG0008752	Cx_quinquefasciatus	1	P450
OG0008753	Cx_molestus	1	P450
OG0008753	Cx_pallens	0	P450
OG0008753	Cx_pipiens	1	P450
OG0008753	Cx_quinquefasciatus	1	P450
OG0008754	Cx_molestus	1	P450
OG0008754	Cx_pallens	1	P450
OG0008754	Cx_pipiens	1	P450
OG0008754	Cx_quinquefasciatus	1	P450
OG0008763	Cx_molestus	1	OR
OG0008763	Cx_pallens	1	OR
OG0008763	Cx_pipiens	1	OR
OG0008763	Cx_quinquefasciatus	1	OR
OG0008784	Cx_molestus	1	IR
OG0008784	Cx_pallens	1	IR
OG0008784	Cx_pipiens	1	IR
OG0008784	Cx_quinquefasciatus	1	IR
OG0008811	Cx_molestus	1	CCE
OG0008811	Cx_pallens	1	CCE
OG0008811	Cx_pipiens	1	CCE
OG0008811	Cx_quinquefasciatus	1	CCE
OG0008814	Cx_molestus	0	GST
OG0008814	Cx_pallens	1	GST
OG0008814	Cx_pipiens	1	GST
OG0008814	Cx_quinquefasciatus	1	GST
OG0008821	Cx_molestus	1	IR
OG0008821	Cx_pallens	0	IR
OG0008821	Cx_pipiens	1	IR
OG0008821	Cx_quinquefasciatus	1	IR
OG0008824	Cx_molestus	1	OBP
OG0008824	Cx_pallens	1	OBP
OG0008824	Cx_pipiens	1	OBP
OG0008824	Cx_quinquefasciatus	1	OBP
OG0008838	Cx_molestus	1	P450
OG0008838	Cx_pallens	1	P450
OG0008838	Cx_pipiens	1	P450
OG0008838	Cx_quinquefasciatus	1	P450
OG0008856	Cx_molestus	0	P450
OG0008856	Cx_pallens	1	P450
OG0008856	Cx_pipiens	1	P450
OG0008856	Cx_quinquefasciatus	1	P450
OG0008858	Cx_molestus	1	CCE
OG0008858	Cx_pallens	0	CCE
OG0008858	Cx_pipiens	1	CCE
OG0008858	Cx_quinquefasciatus	1	CCE
OG0008859	Cx_molestus	0	CCE
OG0008859	Cx_pallens	1	CCE
OG0008859	Cx_pipiens	1	CCE
OG0008859	Cx_quinquefasciatus	1	CCE
OG0008924	Cx_molestus	0	P450
OG0008924	Cx_pallens	1	P450
OG0008924	Cx_pipiens	1	P450
OG0008924	Cx_quinquefasciatus	1	P450
OG0008936	Cx_molestus	0	GR
OG0008936	Cx_pallens	1	GR
OG0008936	Cx_pipiens	1	GR
OG0008936	Cx_quinquefasciatus	1	GR
OG0008955	Cx_molestus	1	GR
OG0008955	Cx_pallens	0	GR
OG0008955	Cx_pipiens	1	GR
OG0008955	Cx_quinquefasciatus	1	GR
OG0008977	Cx_molestus	1	OR
OG0008977	Cx_pallens	0	OR
OG0008977	Cx_pipiens	1	OR
OG0008977	Cx_quinquefasciatus	1	OR
OG0008982	Cx_molestus	0	GR
OG0008982	Cx_pallens	1	GR
OG0008982	Cx_pipiens	1	GR
OG0008982	Cx_quinquefasciatus	1	GR
OG0008985	Cx_molestus	1	GR
OG0008985	Cx_pallens	0	GR
OG0008985	Cx_pipiens	1	GR
OG0008985	Cx_quinquefasciatus	1	GR
OG0008989	Cx_molestus	1	P450
OG0008989	Cx_pallens	0	P450
OG0008989	Cx_pipiens	1	P450
OG0008989	Cx_quinquefasciatus	1	P450
OG0008993	Cx_molestus	1	GST
OG0008993	Cx_pallens	1	GST
OG0008993	Cx_pipiens	0	GST
OG0008993	Cx_quinquefasciatus	1	GST
OG0009042	Cx_molestus	0	OR
OG0009042	Cx_pallens	1	OR
OG0009042	Cx_pipiens	1	OR
OG0009042	Cx_quinquefasciatus	1	OR
OG0009055	Cx_molestus	1	OR
OG0009055	Cx_pallens	0	OR
OG0009055	Cx_pipiens	1	OR
OG0009055	Cx_quinquefasciatus	1	OR
OG0009129	Cx_molestus	1	OR
OG0009129	Cx_pallens	1	OR
OG0009129	Cx_pipiens	1	OR
OG0009129	Cx_quinquefasciatus	1	OR
OG0009142	Cx_molestus	1	CCE
OG0009142	Cx_pallens	1	CCE
OG0009142	Cx_pipiens	1	CCE
OG0009142	Cx_quinquefasciatus	1	CCE
OG0009193	Cx_molestus	1	OBP
OG0009193	Cx_pallens	1	OBP
OG0009193	Cx_pipiens	1	OBP
OG0009193	Cx_quinquefasciatus	1	OBP
OG0009194	Cx_molestus	1	OBP
OG0009194	Cx_pallens	1	OBP
OG0009194	Cx_pipiens	1	OBP
OG0009194	Cx_quinquefasciatus	1	OBP
OG0009195	Cx_molestus	1	OBP
OG0009195	Cx_pallens	1	OBP
OG0009195	Cx_pipiens	1	OBP
OG0009195	Cx_quinquefasciatus	1	OBP
OG0009209	Cx_molestus	1	OR
OG0009209	Cx_pallens	1	OR
OG0009209	Cx_pipiens	1	OR
OG0009209	Cx_quinquefasciatus	1	OR
OG0009235	Cx_molestus	1	immune
OG0009235	Cx_pallens	1	immune
OG0009235	Cx_pipiens	1	immune
OG0009235	Cx_quinquefasciatus	1	immune
OG0009247	Cx_molestus	1	P450
OG0009247	Cx_pallens	1	P450
OG0009247	Cx_pipiens	1	P450
OG0009247	Cx_quinquefasciatus	1	P450
OG0009410	Cx_molestus	1	CCE
OG0009410	Cx_pallens	1	CCE
OG0009410	Cx_pipiens	1	CCE
OG0009410	Cx_quinquefasciatus	1	CCE
OG0009418	Cx_molestus	1	OR
OG0009418	Cx_pallens	1	OR
OG0009418	Cx_pipiens	1	OR
OG0009418	Cx_quinquefasciatus	1	OR
OG0009550	Cx_molestus	1	OBP
OG0009550	Cx_pallens	1	OBP
OG0009550	Cx_pipiens	1	OBP
OG0009550	Cx_quinquefasciatus	1	OBP
OG0009554	Cx_molestus	1	IR
OG0009554	Cx_pallens	1	IR
OG0009554	Cx_pipiens	1	IR
OG0009554	Cx_quinquefasciatus	1	IR
OG0009597	Cx_molestus	1	IR
OG0009597	Cx_pallens	1	IR
OG0009597	Cx_pipiens	1	IR
OG0009597	Cx_quinquefasciatus	1	IR
OG0009604	Cx_molestus	1	OR
OG0009604	Cx_pallens	1	OR
OG0009604	Cx_pipiens	1	OR
OG0009604	Cx_quinquefasciatus	1	OR
OG0009632	Cx_molestus	1	OR
OG0009632	Cx_pallens	1	OR
OG0009632	Cx_pipiens	1	OR
OG0009632	Cx_quinquefasciatus	1	OR
OG0009662	Cx_molestus	1	GR
OG0009662	Cx_pallens	1	GR
OG0009662	Cx_pipiens	1	GR
OG0009662	Cx_quinquefasciatus	1	GR
OG0009669	Cx_molestus	1	OR
OG0009669	Cx_pallens	1	OR
OG0009669	Cx_pipiens	1	OR
OG0009669	Cx_quinquefasciatus	1	OR
OG0009689	Cx_molestus	1	IR
OG0009689	Cx_pallens	2	IR
OG0009689	Cx_pipiens	1	IR
OG0009689	Cx_quinquefasciatus	0	IR
OG0009693	Cx_molestus	1	IR
OG0009693	Cx_pallens	1	IR
OG0009693	Cx_pipiens	1	IR
OG0009693	Cx_quinquefasciatus	1	IR
OG0009730	Cx_molestus	1	GR
OG0009730	Cx_pallens	1	GR
OG0009730	Cx_pipiens	1	GR
OG0009730	Cx_quinquefasciatus	1	GR
OG0009732	Cx_molestus	1	GR
OG0009732	Cx_pallens	1	GR
OG0009732	Cx_pipiens	1	GR
OG0009732	Cx_quinquefasciatus	1	GR
OG0009733	Cx_molestus	1	GR
OG0009733	Cx_pallens	1	GR
OG0009733	Cx_pipiens	1	GR
OG0009733	Cx_quinquefasciatus	1	GR
OG0009737	Cx_molestus	1	GR
OG0009737	Cx_pallens	1	GR
OG0009737	Cx_pipiens	1	GR
OG0009737	Cx_quinquefasciatus	1	GR
OG0009747	Cx_molestus	1	OBP
OG0009747	Cx_pallens	1	OBP
OG0009747	Cx_pipiens	1	OBP
OG0009747	Cx_quinquefasciatus	1	OBP
OG0009766	Cx_molestus	1	CCE
OG0009766	Cx_pallens	1	CCE
OG0009766	Cx_pipiens	0	CCE
OG0009766	Cx_quinquefasciatus	2	CCE
OG0009816	Cx_molestus	1	GR
OG0009816	Cx_pallens	1	GR
OG0009816	Cx_pipiens	1	GR
OG0009816	Cx_quinquefasciatus	1	GR
OG0009847	Cx_molestus	1	P450
OG0009847	Cx_pallens	0	P450
OG0009847	Cx_pipiens	1	P450
OG0009847	Cx_quinquefasciatus	1	P450
OG0009864	Cx_molestus	1	OR
OG0009864	Cx_pallens	1	OR
OG0009864	Cx_pipiens	1	OR
OG0009864	Cx_quinquefasciatus	1	OR
OG0009865	Cx_molestus	1	OR
OG0009865	Cx_pallens	1	OR
OG0009865	Cx_pipiens	1	OR
OG0009865	Cx_quinquefasciatus	1	OR
OG0009892	Cx_molestus	1	OBP
OG0009892	Cx_pallens	1	OBP
OG0009892	Cx_pipiens	1	OBP
OG0009892	Cx_quinquefasciatus	1	OBP
OG0009906	Cx_molestus	1	OBP
OG0009906	Cx_pallens	1	OBP
OG0009906	Cx_pipiens	1	OBP
OG0009906	Cx_quinquefasciatus	1	OBP
OG0009907	Cx_molestus	1	OBP
OG0009907	Cx_pallens	1	OBP
OG0009907	Cx_pipiens	1	OBP
OG0009907	Cx_quinquefasciatus	1	OBP
OG0009915	Cx_molestus	1	IR
OG0009915	Cx_pallens	1	IR
OG0009915	Cx_pipiens	1	IR
OG0009915	Cx_quinquefasciatus	1	IR
OG0009923	Cx_molestus	1	OBP
OG0009923	Cx_pallens	1	OBP
OG0009923	Cx_pipiens	1	OBP
OG0009923	Cx_quinquefasciatus	1	OBP
OG0009924	Cx_molestus	1	OBP
OG0009924	Cx_pallens	1	OBP
OG0009924	Cx_pipiens	1	OBP
OG0009924	Cx_quinquefasciatus	1	OBP
OG0009925	Cx_molestus	1	OBP
OG0009925	Cx_pallens	1	OBP
OG0009925	Cx_pipiens	1	OBP
OG0009925	Cx_quinquefasciatus	1	OBP
OG0009926	Cx_molestus	1	OBP
OG0009926	Cx_pallens	1	OBP
OG0009926	Cx_pipiens	1	OBP
OG0009926	Cx_quinquefasciatus	1	OBP
OG0009965	Cx_molestus	1	P450
OG0009965	Cx_pallens	0	P450
OG0009965	Cx_pipiens	1	P450
OG0009965	Cx_quinquefasciatus	1	P450
OG0010064	Cx_molestus	1	IR
OG0010064	Cx_pallens	1	IR
OG0010064	Cx_pipiens	1	IR
OG0010064	Cx_quinquefasciatus	1	IR
OG0010120	Cx_molestus	1	OR
OG0010120	Cx_pallens	1	OR
OG0010120	Cx_pipiens	1	OR
OG0010120	Cx_quinquefasciatus	1	OR
OG0010219	Cx_molestus	1	OR
OG0010219	Cx_pallens	1	OR
OG0010219	Cx_pipiens	1	OR
OG0010219	Cx_quinquefasciatus	1	OR
OG0010221	Cx_molestus	1	CCE
OG0010221	Cx_pallens	1	CCE
OG0010221	Cx_pipiens	1	CCE
OG0010221	Cx_quinquefasciatus	1	CCE
OG0010241	Cx_molestus	1	P450
OG0010241	Cx_pallens	1	P450
OG0010241	Cx_pipiens	1	P450
OG0010241	Cx_quinquefasciatus	1	P450
OG0010242	Cx_molestus	1	P450
OG0010242	Cx_pallens	1	P450
OG0010242	Cx_pipiens	1	P450
OG0010242	Cx_quinquefasciatus	1	P450
OG0010289	Cx_molestus	1	P450
OG0010289	Cx_pallens	0	P450
OG0010289	Cx_pipiens	1	P450
OG0010289	Cx_quinquefasciatus	1	P450
OG0010304	Cx_molestus	1	IR
OG0010304	Cx_pallens	1	IR
OG0010304	Cx_pipiens	1	IR
OG0010304	Cx_quinquefasciatus	1	IR
OG0010306	Cx_molestus	1	IR
OG0010306	Cx_pallens	1	IR
OG0010306	Cx_pipiens	1	IR
OG0010306	Cx_quinquefasciatus	1	IR
OG0010332	Cx_molestus	1	CCE
OG0010332	Cx_pallens	1	CCE
OG0010332	Cx_pipiens	1	CCE
OG0010332	Cx_quinquefasciatus	1	CCE
OG0010339	Cx_molestus	2	CCE
OG0010339	Cx_pallens	1	CCE
OG0010339	Cx_pipiens	1	CCE
OG0010339	Cx_quinquefasciatus	0	CCE
OG0010450	Cx_molestus	1	OR
OG0010450	Cx_pallens	1	OR
OG0010450	Cx_pipiens	1	OR
OG0010450	Cx_quinquefasciatus	1	OR
OG0010451	Cx_molestus	1	OR
OG0010451	Cx_pallens	1	OR
OG0010451	Cx_pipiens	1	OR
OG0010451	Cx_quinquefasciatus	1	OR
OG0010558	Cx_molestus	1	OR
OG0010558	Cx_pallens	1	OR
OG0010558	Cx_pipiens	1	OR
OG0010558	Cx_quinquefasciatus	1	OR
OG0010559	Cx_molestus	1	OR
OG0010559	Cx_pallens	1	OR
OG0010559	Cx_pipiens	1	OR
OG0010559	Cx_quinquefasciatus	1	OR
OG0010565	Cx_molestus	2	P450
OG0010565	Cx_pallens	1	P450
OG0010565	Cx_pipiens	1	P450
OG0010565	Cx_quinquefasciatus	0	P450
OG0010607	Cx_molestus	1	IR
OG0010607	Cx_pallens	1	IR
OG0010607	Cx_pipiens	0	IR
OG0010607	Cx_quinquefasciatus	1	IR
OG0010634	Cx_molestus	1	P450
OG0010634	Cx_pallens	1	P450
OG0010634	Cx_pipiens	1	P450
OG0010634	Cx_quinquefasciatus	1	P450
OG0010643	Cx_molestus	1	P450
OG0010643	Cx_pallens	1	P450
OG0010643	Cx_pipiens	1	P450
OG0010643	Cx_quinquefasciatus	1	P450
OG0010705	Cx_molestus	1	OBP
OG0010705	Cx_pallens	1	OBP
OG0010705	Cx_pipiens	0	OBP
OG0010705	Cx_quinquefasciatus	1	OBP
OG0010706	Cx_molestus	1	OBP
OG0010706	Cx_pallens	1	OBP
OG0010706	Cx_pipiens	1	OBP
OG0010706	Cx_quinquefasciatus	1	OBP
OG0010764	Cx_molestus	1	immune
OG0010764	Cx_pallens	1	immune
OG0010764	Cx_pipiens	1	immune
OG0010764	Cx_quinquefasciatus	1	immune
OG0010771	Cx_molestus	1	GR
OG0010771	Cx_pallens	1	GR
OG0010771	Cx_pipiens	1	GR
OG0010771	Cx_quinquefasciatus	1	GR
OG0010772	Cx_molestus	1	GR
OG0010772	Cx_pallens	1	GR
OG0010772	Cx_pipiens	1	GR
OG0010772	Cx_quinquefasciatus	1	GR
OG0010852	Cx_molestus	1	OBP
OG0010852	Cx_pallens	1	OBP
OG0010852	Cx_pipiens	1	OBP
OG0010852	Cx_quinquefasciatus	1	OBP
OG0010853	Cx_molestus	1	OBP
OG0010853	Cx_pallens	1	OBP
OG0010853	Cx_pipiens	1	OBP
OG0010853	Cx_quinquefasciatus	1	OBP
OG0010914	Cx_molestus	1	OR
OG0010914	Cx_pallens	1	OR
OG0010914	Cx_pipiens	1	OR
OG0010914	Cx_quinquefasciatus	1	OR
OG0010915	Cx_molestus	1	P450
OG0010915	Cx_pallens	1	P450
OG0010915	Cx_pipiens	1	P450
OG0010915	Cx_quinquefasciatus	1	P450
OG0010930	Cx_molestus	1	IR
OG0010930	Cx_pallens	1	IR
OG0010930	Cx_pipiens	0	IR
OG0010930	Cx_quinquefasciatus	1	IR
OG0010932	Cx_molestus	1	GST
OG0010932	Cx_pallens	1	GST
OG0010932	Cx_pipiens	1	GST
OG0010932	Cx_quinquefasciatus	1	GST
OG0010960	Cx_molestus	1	GR
OG0010960	Cx_pallens	1	GR
OG0010960	Cx_pipiens	1	GR
OG0010960	Cx_quinquefasciatus	1	GR
OG0010961	Cx_molestus	1	GR
OG0010961	Cx_pallens	1	GR
OG0010961	Cx_pipiens	1	GR
OG0010961	Cx_quinquefasciatus	1	GR
OG0011081	Cx_molestus	1	GR
OG0011081	Cx_pallens	1	GR
OG0011081	Cx_pipiens	1	GR
OG0011081	Cx_quinquefasciatus	1	GR
OG0011082	Cx_molestus	1	GR
OG0011082	Cx_pallens	1	GR
OG0011082	Cx_pipiens	1	GR
OG0011082	Cx_quinquefasciatus	1	GR
OG0011087	Cx_molestus	1	immune
OG0011087	Cx_pallens	1	immune
OG0011087	Cx_pipiens	1	immune
OG0011087	Cx_quinquefasciatus	1	immune
OG0011148	Cx_molestus	1	OBP
OG0011148	Cx_pallens	1	OBP
OG0011148	Cx_pipiens	1	OBP
OG0011148	Cx_quinquefasciatus	1	OBP
OG0011170	Cx_molestus	1	OBP
OG0011170	Cx_pallens	1	OBP
OG0011170	Cx_pipiens	1	OBP
OG0011170	Cx_quinquefasciatus	1	OBP
OG0011209	Cx_molestus	1	OR
OG0011209	Cx_pallens	1	OR
OG0011209	Cx_pipiens	1	OR
OG0011209	Cx_quinquefasciatus	1	OR
OG0011218	Cx_molestus	1	IR
OG0011218	Cx_pallens	1	IR
OG0011218	Cx_pipiens	1	IR
OG0011218	Cx_quinquefasciatus	1	IR
OG0011236	Cx_molestus	1	GST
OG0011236	Cx_pallens	1	GST
OG0011236	Cx_pipiens	1	GST
OG0011236	Cx_quinquefasciatus	1	GST
OG0011286	Cx_molestus	1	OR
OG0011286	Cx_pallens	1	OR
OG0011286	Cx_pipiens	1	OR
OG0011286	Cx_quinquefasciatus	1	OR
OG0011297	Cx_molestus	1	GST
OG0011297	Cx_pallens	0	GST
OG0011297	Cx_pipiens	1	GST
OG0011297	Cx_quinquefasciatus	1	GST
OG0011299	Cx_molestus	1	OR
OG0011299	Cx_pallens	1	OR
OG0011299	Cx_pipiens	1	OR
OG0011299	Cx_quinquefasciatus	1	OR
OG0011328	Cx_molestus	0	GR
OG0011328	Cx_pallens	1	GR
OG0011328	Cx_pipiens	1	GR
OG0011328	Cx_quinquefasciatus	1	GR
OG0011437	Cx_molestus	0	CCE
OG0011437	Cx_pallens	1	CCE
OG0011437	Cx_pipiens	1	CCE
OG0011437	Cx_quinquefasciatus	1	CCE
OG0011513	Cx_molestus	0	immune
OG0011513	Cx_pallens	1	immune
OG0011513	Cx_pipiens	1	immune
OG0011513	Cx_quinquefasciatus	1	immune
OG0011527	Cx_molestus	0	immune
OG0011527	Cx_pallens	1	immune
OG0011527	Cx_pipiens	1	immune
OG0011527	Cx_quinquefasciatus	1	immune
OG0011590	Cx_molestus	0	OBP
OG0011590	Cx_pallens	1	OBP
OG0011590	Cx_pipiens	1	OBP
OG0011590	Cx_quinquefasciatus	1	OBP
OG0011601	Cx_molestus	0	P450
OG0011601	Cx_pallens	1	P450
OG0011601	Cx_pipiens	1	P450
OG0011601	Cx_quinquefasciatus	1	P450
OG0011670	Cx_molestus	0	OBP
OG0011670	Cx_pallens	1	OBP
OG0011670	Cx_pipiens	1	OBP
OG0011670	Cx_quinquefasciatus	1	OBP
OG0011692	Cx_molestus	0	P450
OG0011692	Cx_pallens	1	P450
OG0011692	Cx_pipiens	1	P450
OG0011692	Cx_quinquefasciatus	1	P450
OG0011700	Cx_molestus	0	IR
OG0011700	Cx_pallens	1	IR
OG0011700	Cx_pipiens	1	IR
OG0011700	Cx_quinquefasciatus	1	IR
OG0011764	Cx_molestus	0	P450
OG0011764	Cx_pallens	1	P450
OG0011764	Cx_pipiens	0	P450
OG0011764	Cx_quinquefasciatus	1	P450
OG0011770	Cx_molestus	0	P450
OG0011770	Cx_pallens	0	P450
OG0011770	Cx_pipiens	1	P450
OG0011770	Cx_quinquefasciatus	1	P450
OG0011771	Cx_molestus	0	P450
OG0011771	Cx_pallens	0	P450
OG0011771	Cx_pipiens	0	P450
OG0011771	Cx_quinquefasciatus	2	P450
OG0011779	Cx_molestus	1	P450
OG0011779	Cx_pallens	1	P450
OG0011779	Cx_pipiens	0	P450
OG0011779	Cx_quinquefasciatus	1	P450
OG0011804	Cx_molestus	1	CCE
OG0011804	Cx_pallens	1	CCE
OG0011804	Cx_pipiens	0	CCE
OG0011804	Cx_quinquefasciatus	1	CCE
OG0011809	Cx_molestus	1	IR
OG0011809	Cx_pallens	1	IR
OG0011809	Cx_pipiens	0	IR
OG0011809	Cx_quinquefasciatus	1	IR
OG0011817	Cx_molestus	1	IR
OG0011817	Cx_pallens	0	IR
OG0011817	Cx_pipiens	1	IR
OG0011817	Cx_quinquefasciatus	1	IR
OG0011837	Cx_molestus	0	OBP
OG0011837	Cx_pallens	1	OBP
OG0011837	Cx_pipiens	0	OBP
OG0011837	Cx_quinquefasciatus	1	OBP
OG0011850	Cx_molestus	0	P450
OG0011850	Cx_pallens	1	P450
OG0011850	Cx_pipiens	0	P450
OG0011850	Cx_quinquefasciatus	1	P450
OG0011863	Cx_molestus	0	CCE
OG0011863	Cx_pallens	0	CCE
OG0011863	Cx_pipiens	1	CCE
OG0011863	Cx_quinquefasciatus	1	CCE
OG0011882	Cx_molestus	0	OR
OG0011882	Cx_pallens	1	OR
OG0011882	Cx_pipiens	0	OR
OG0011882	Cx_quinquefasciatus	1	OR
OG0011888	Cx_molestus	1	immune
OG0011888	Cx_pallens	1	immune
OG0011888	Cx_pipiens	0	immune
OG0011888	Cx_quinquefasciatus	1	immune
OG0011908	Cx_molestus	1	P450
OG0011908	Cx_pallens	1	P450
OG0011908	Cx_pipiens	1	P450
OG0011908	Cx_quinquefasciatus	0	P450
OG0011973	Cx_molestus	1	OR
OG0011973	Cx_pallens	0	OR
OG0011973	Cx_pipiens	1	OR
OG0011973	Cx_quinquefasciatus	1	OR
OG0011997	Cx_molestus	1	GR
OG0011997	Cx_pallens	0	GR
OG0011997	Cx_pipiens	1	GR
OG0011997	Cx_quinquefasciatus	1	GR
OG0012001	Cx_molestus	1	GR
OG0012001	Cx_pallens	0	GR
OG0012001	Cx_pipiens	1	GR
OG0012001	Cx_quinquefasciatus	1	GR
OG0012041	Cx_molestus	1	P450
OG0012041	Cx_pallens	1	P450
OG0012041	Cx_pipiens	1	P450
OG0012041	Cx_quinquefasciatus	0	P450
OG0012068	Cx_molestus	1	immune
OG0012068	Cx_pallens	1	immune
OG0012068	Cx_pipiens	1	immune
OG0012068	Cx_quinquefasciatus	0	immune
OG0012125	Cx_molestus	1	OR
OG0012125	Cx_pallens	1	OR
OG0012125	Cx_pipiens	1	OR
OG0012125	Cx_quinquefasciatus	0	OR
OG0012154	Cx_molestus	1	P450
OG0012154	Cx_pallens	1	P450
OG0012154	Cx_pipiens	1	P450
OG0012154	Cx_quinquefasciatus	0	P450
OG0012166	Cx_molestus	1	OR
OG0012166	Cx_pallens	1	OR
OG0012166	Cx_pipiens	1	OR
OG0012166	Cx_quinquefasciatus	0	OR
OG0012205	Cx_molestus	1	OR
OG0012205	Cx_pallens	0	OR
OG0012205	Cx_pipiens	1	OR
OG0012205	Cx_quinquefasciatus	1	OR
OG0012209	Cx_molestus	2	P450
OG0012209	Cx_pallens	0	P450
OG0012209	Cx_pipiens	1	P450
OG0012209	Cx_quinquefasciatus	0	P450
OG0012234	Cx_molestus	1	P450
OG0012234	Cx_pallens	1	P450
OG0012234	Cx_pipiens	1	P450
OG0012234	Cx_quinquefasciatus	0	P450
OG0012269	Cx_molestus	1	P450
OG0012269	Cx_pallens	1	P450
OG0012269	Cx_pipiens	1	P450
OG0012269	Cx_quinquefasciatus	0	P450
OG0012318	Cx_molestus	1	P450
OG0012318	Cx_pallens	0	P450
OG0012318	Cx_pipiens	1	P450
OG0012318	Cx_quinquefasciatus	1	P450
OG0012345	Cx_molestus	1	P450
OG0012345	Cx_pallens	1	P450
OG0012345	Cx_pipiens	0	P450
OG0012345	Cx_quinquefasciatus	1	P450
OG0012346	Cx_molestus	1	P450
OG0012346	Cx_pallens	0	P450
OG0012346	Cx_pipiens	2	P450
OG0012346	Cx_quinquefasciatus	0	P450
OG0012369	Cx_molestus	1	GST
OG0012369	Cx_pallens	0	GST
OG0012369	Cx_pipiens	1	GST
OG0012369	Cx_quinquefasciatus	1	GST
OG0012378	Cx_molestus	1	GR
OG0012378	Cx_pallens	0	GR
OG0012378	Cx_pipiens	0	GR
OG0012378	Cx_quinquefasciatus	1	GR
OG0012383	Cx_molestus	1	GST
OG0012383	Cx_pallens	1	GST
OG0012383	Cx_pipiens	1	GST
OG0012383	Cx_quinquefasciatus	0	GST
OG0012567	Cx_molestus	0	immune
OG0012567	Cx_pallens	1	immune
OG0012567	Cx_pipiens	0	immune
OG0012567	Cx_quinquefasciatus	1	immune
OG0012572	Cx_molestus	0	immune
OG0012572	Cx_pallens	1	immune
OG0012572	Cx_pipiens	1	immune
OG0012572	Cx_quinquefasciatus	1	immune
OG0012573	Cx_molestus	0	OBP
OG0012573	Cx_pallens	1	OBP
OG0012573	Cx_pipiens	1	OBP
OG0012573	Cx_quinquefasciatus	1	OBP
OG0012581	Cx_molestus	0	P450
OG0012581	Cx_pallens	1	P450
OG0012581	Cx_pipiens	1	P450
OG0012581	Cx_quinquefasciatus	1	P450
OG0012614	Cx_molestus	0	P450
OG0012614	Cx_pallens	1	P450
OG0012614	Cx_pipiens	1	P450
OG0012614	Cx_quinquefasciatus	1	P450
OG0012718	Cx_molestus	0	OR
OG0012718	Cx_pallens	0	OR
OG0012718	Cx_pipiens	0	OR
OG0012718	Cx_quinquefasciatus	2	OR
OG0012764	Cx_molestus	0	P450
OG0012764	Cx_pallens	0	P450
OG0012764	Cx_pipiens	0	P450
OG0012764	Cx_quinquefasciatus	1	P450
OG0012769	Cx_molestus	0	OR
OG0012769	Cx_pallens	0	OR
OG0012769	Cx_pipiens	0	OR
OG0012769	Cx_quinquefasciatus	1	OR
OG0012770	Cx_molestus	0	OR
OG0012770	Cx_pallens	0	OR
OG0012770	Cx_pipiens	1	OR
OG0012770	Cx_quinquefasciatus	1	OR
OG0012786	Cx_molestus	0	P450
OG0012786	Cx_pallens	0	P450
OG0012786	Cx_pipiens	0	P450
OG0012786	Cx_quinquefasciatus	1	P450
OG0012787	Cx_molestus	0	P450
OG0012787	Cx_pallens	0	P450
OG0012787	Cx_pipiens	0	P450
OG0012787	Cx_quinquefasciatus	1	P450
OG0012790	Cx_molestus	0	IR
OG0012790	Cx_pallens	1	IR
OG0012790	Cx_pipiens	0	IR
OG0012790	Cx_quinquefasciatus	0	IR
OG0012792	Cx_molestus	0	CCE
OG0012792	Cx_pallens	0	CCE
OG0012792	Cx_pipiens	0	CCE
OG0012792	Cx_quinquefasciatus	1	CCE
OG0012797	Cx_molestus	0	P450
OG0012797	Cx_pallens	0	P450
OG0012797	Cx_pipiens	0	P450
OG0012797	Cx_quinquefasciatus	1	P450
OG0012821	Cx_molestus	0	OBP
OG0012821	Cx_pallens	0	OBP
OG0012821	Cx_pipiens	0	OBP
OG0012821	Cx_quinquefasciatus	1	OBP
OG0012828	Cx_molestus	0	OR
OG0012828	Cx_pallens	0	OR
OG0012828	Cx_pipiens	0	OR
OG0012828	Cx_quinquefasciatus	1	OR
OG0012829	Cx_molestus	0	OBP
OG0012829	Cx_pallens	0	OBP
OG0012829	Cx_pipiens	1	OBP
OG0012829	Cx_quinquefasciatus	0	OBP
OG0012843	Cx_molestus	0	IR
OG0012843	Cx_pallens	0	IR
OG0012843	Cx_pipiens	0	IR
OG0012843	Cx_quinquefasciatus	1	IR
OG0012894	Cx_molestus	1	GR
OG0012894	Cx_pallens	1	GR
OG0012894	Cx_pipiens	0	GR
OG0012894	Cx_quinquefasciatus	0	GR
OG0012922	Cx_molestus	1	OBP
OG0012922	Cx_pallens	0	OBP
OG0012922	Cx_pipiens	1	OBP
OG0012922	Cx_quinquefasciatus	0	OBP
OG0012934	Cx_molestus	1	immune
OG0012934	Cx_pallens	0	immune
OG0012934	Cx_pipiens	1	immune
OG0012934	Cx_quinquefasciatus	0	immune
OG0012975	Cx_molestus	1	OR
OG0012975	Cx_pallens	0	OR
OG0012975	Cx_pipiens	0	OR
OG0012975	Cx_quinquefasciatus	1	OR
OG0012988	Cx_molestus	1	OBP
OG0012988	Cx_pallens	0	OBP
OG0012988	Cx_pipiens	1	OBP
OG0012988	Cx_quinquefasciatus	0	OBP
OG0012996	Cx_molestus	1	P450
OG0012996	Cx_pallens	1	P450
OG0012996	Cx_pipiens	0	P450
OG0012996	Cx_quinquefasciatus	0	P450
OG0013079	Cx_molestus	1	OR
OG0013079	Cx_pallens	0	OR
OG0013079	Cx_pipiens	1	OR
OG0013079	Cx_quinquefasciatus	0	OR
OG0013098	Cx_molestus	1	OR
OG0013098	Cx_pallens	0	OR
OG0013098	Cx_pipiens	0	OR
OG0013098	Cx_quinquefasciatus	1	OR
OG0013103	Cx_molestus	1	P450
OG0013103	Cx_pallens	1	P450
OG0013103	Cx_pipiens	0	P450
OG0013103	Cx_quinquefasciatus	0	P450
OG0013129	Cx_molestus	1	immune
OG0013129	Cx_pallens	0	immune
OG0013129	Cx_pipiens	1	immune
OG0013129	Cx_quinquefasciatus	0	immune
OG0013155	Cx_molestus	1	OR
OG0013155	Cx_pallens	0	OR
OG0013155	Cx_pipiens	1	OR
OG0013155	Cx_quinquefasciatus	0	OR
OG0013162	Cx_molestus	1	GR
OG0013162	Cx_pallens	0	GR
OG0013162	Cx_pipiens	0	GR
OG0013162	Cx_quinquefasciatus	1	GR
OG0013163	Cx_molestus	1	P450
OG0013163	Cx_pallens	0	P450
OG0013163	Cx_pipiens	1	P450
OG0013163	Cx_quinquefasciatus	0	P450
OG0013226	Cx_molestus	1	IR
OG0013226	Cx_pallens	1	IR
OG0013226	Cx_pipiens	0	IR
OG0013226	Cx_quinquefasciatus	0	IR
OG0013230	Cx_molestus	1	P450
OG0013230	Cx_pallens	0	P450
OG0013230	Cx_pipiens	1	P450
OG0013230	Cx_quinquefasciatus	0	P450
OG0013290	Cx_molestus	0	OBP
OG0013290	Cx_pallens	1	OBP
OG0013290	Cx_pipiens	0	OBP
OG0013290	Cx_quinquefasciatus	1	OBP
OG0013343	Cx_molestus	0	OBP
OG0013343	Cx_pallens	1	OBP
OG0013343	Cx_pipiens	0	OBP
OG0013343	Cx_quinquefasciatus	1	OBP
OG0013398	Cx_molestus	0	OR
OG0013398	Cx_pallens	1	OR
OG0013398	Cx_pipiens	0	OR
OG0013398	Cx_quinquefasciatus	1	OR
OG0013399	Cx_molestus	0	immune
OG0013399	Cx_pallens	1	immune
OG0013399	Cx_pipiens	1	immune
OG0013399	Cx_quinquefasciatus	0	immune
OG0013415	Cx_molestus	0	OR
OG0013415	Cx_pallens	1	OR
OG0013415	Cx_pipiens	0	OR
OG0013415	Cx_quinquefasciatus	1	OR
OG0013420	Cx_molestus	0	OR
OG0013420	Cx_pallens	1	OR
OG0013420	Cx_pipiens	0	OR
OG0013420	Cx_quinquefasciatus	1	OR
OG0013427	Cx_molestus	0	OR
OG0013427	Cx_pallens	1	OR
OG0013427	Cx_pipiens	0	OR
OG0013427	Cx_quinquefasciatus	1	OR
OG0013444	Cx_molestus	0	GR
OG0013444	Cx_pallens	1	GR
OG0013444	Cx_pipiens	1	GR
OG0013444	Cx_quinquefasciatus	0	GR
OG0013466	Cx_molestus	0	OBP
OG0013466	Cx_pallens	1	OBP
OG0013466	Cx_pipiens	1	OBP
OG0013466	Cx_quinquefasciatus	0	OBP
OG0013472	Cx_molestus	0	IR
OG0013472	Cx_pallens	1	IR
OG0013472	Cx_pipiens	1	IR
OG0013472	Cx_quinquefasciatus	0	IR
OG0013493	Cx_molestus	0	GR
OG0013493	Cx_pallens	1	GR
OG0013493	Cx_pipiens	1	GR
OG0013493	Cx_quinquefasciatus	0	GR
OG0013495	Cx_molestus	0	P450
OG0013495	Cx_pallens	1	P450
OG0013495	Cx_pipiens	1	P450
OG0013495	Cx_quinquefasciatus	0	P450
OG0013505	Cx_molestus	0	P450
OG0013505	Cx_pallens	1	P450
OG0013505	Cx_pipiens	1	P450
OG0013505	Cx_quinquefasciatus	0	P450
OG0013573	Cx_molestus	0	P450
OG0013573	Cx_pallens	0	P450
OG0013573	Cx_pipiens	1	P450
OG0013573	Cx_quinquefasciatus	0	P450
OG0013626	Cx_molestus	0	GR
OG0013626	Cx_pallens	0	GR
OG0013626	Cx_pipiens	1	GR
OG0013626	Cx_quinquefasciatus	1	GR
