orthogroup	pvalue	cafe_pvalue	exact_pvalue
OG0000001	5.85396e-11	0.0	5.85396e-11
OG0000002	5.27946e-05	0.0	5.27946e-05
OG0000003	8.48198e-08	0.0	8.48198e-08
OG0000005	2.03156e-05	0.0	2.03156e-05
OG0000006	2.40588e-07	0.0	2.40588e-07
OG0000007	4.33075e-07	0.0	4.33075e-07
OG0000010	1.52659e-08	0.0	1.52659e-08
OG0000011	0.000983771	0.001	0.000983771
OG0000012	7.40854e-06	0.0	7.40854e-06
OG0000013	0.0203448	0.026	0.0203448
OG0000017	1.2922e-05	0.0	1.2922e-05
OG0000018	0.0218339	0.027	0.0218339
OG0000019	0.000630563	0.002	0.000630563
OG0000020	2.22332e-05	0.0	2.22332e-05
OG0000021	0.00703976	0.01	0.00703976
OG0000029	0.044024	0.043	0.044024
OG0000030	0.000226512	0.0	0.000226512
OG0000033	0.000425321	0.0	0.000425321
OG0000035	0.0138004	0.011	0.0138004
OG0000041	0.00120329	0.001	0.00120329
OG0000053	1.78277e-07	0.0	1.78277e-07
OG0000063	0.0486865	0.054	0.0486865
OG0000065	0.00200908	0.003	0.00200908
OG0000067	0.00742617	0.005	0.00742617
OG0000081	0.0154544	0.016	0.0154544
OG0000082	0.000108109	0.0	0.000108109
OG0000084	4.16279e-05	0.0	4.16279e-05
OG0000085	0.0377738	0.043	0.0377738
OG0000089	0.0154544	0.016	0.0154544
OG0000104	0.00442109	0.007	0.00442109
OG0000114	1.02611e-05	0.0	1.02611e-05
OG0000128	0.000152287	0.0	0.000152287
OG0000135	0.00416983	0.006	0.00416983
OG0000141	5.15744e-06	0.0	5.15744e-06
OG0000142	0.0188365	0.02	0.0188365
OG0000146	0.019218	0.02	0.019218
OG0000155	0.0371466	0.035	0.0371466
OG0000156	0.0125428	0.011	0.0125428
OG0000159	0.0199944	0.021	0.0199944
OG0000165	0.019218	0.02	0.019218
OG0000166	0.0199944	0.021	0.0199944
OG0000189	0.00020431	0.0	0.00020431
OG0000195	0.0480111	0.059	0.0480111
OG0000198	0.00509927	0.008	0.00509927
OG0000201	0.0118078	0.011	0.0118078
OG0000228	0.0125428	0.011	0.0125428
OG0000230	0.0225842	0.022	0.0225842
OG0000233	0.021164	0.021	0.021164
OG0000254	3.43298e-06	0.0	3.43298e-06
OG0000276	0.000160777	0.0	0.000160777
OG0000281	0.02515	0.024	0.02515
OG0000292	7.14559e-06	0.0	7.14559e-06
OG0000293	0.02515	0.024	0.02515
OG0000294	8.83212e-06	0.0	8.83212e-06
OG0000296	0.00627705	0.004	0.00627705
OG0000304	0.00208929	0.001	0.00208929
OG0000306	0.018665	0.019	0.018665
OG0000307	0.0051433	0.003	0.0051433
OG0000311	0.0498053	0.038	0.0498053
OG0000312	0.0016198	0.0	0.0016198
OG0000329	0.00222107	0.003	0.00222107
OG0000332	0.018665	0.019	0.018665
OG0000333	0.00704289	0.005	0.00704289
OG0000334	0.0285417	0.03	0.0285417
OG0000339	0.000109408	0.0	0.000109408
OG0000351	0.0275213	0.028	0.0275213
OG0000359	0.000169142	0.0	0.000169142
OG0000379	0.00316419	0.003	0.00316419
OG0000470	0.0051433	0.003	0.0051433
OG0000474	0.0285417	0.03	0.0285417
OG0000488	0.00338092	0.003	0.00338092
OG0000494	0.000225814	0.0	0.000225814
OG0000538	0.000179417	0.0	0.000179417
OG0000575	0.0278633	0.025	0.0278633
OG0000578	0.00956029	0.008	0.00956029
OG0000626	0.0278633	0.025	0.0278633
OG0000667	0.00338092	0.003	0.00338092
OG0000679	0.0278633	0.025	0.0278633
OG0000698	0.000687619	0.0	0.000687619
OG0000809	0.0013726	0.001	0.0013726
OG0000821	0.0285417	0.03	0.0285417
OG0000822	0.0285417	0.03	0.0285417
OG0000849	0.0347782	0.03	0.0347782
OG0000859	0.0285417	0.03	0.0285417
OG0000864	0.0347782	0.03	0.0347782
OG0000881	0.0347782	0.03	0.0347782
OG0000884	0.00705457	0.004	0.00705457
OG0000898	0.000134079	0.0	0.000134079
OG0000910	0.00527875	0.004	0.00527875
OG0000913	0.00630886	0.003	0.00630886
OG0000917	0.0278633	0.025	0.0278633
OG0000923	0.00247941	0.003	0.00247941
OG0000926	0.00097436	0.0	0.00097436
OG0000931	0.0285417	0.03	0.0285417
OG0000933	0.00247941	0.003	0.00247941
OG0000954	0.00247941	0.003	0.00247941
OG0000974	0.00247941	0.003	0.00247941
OG0000985	0.0347782	0.03	0.0347782
OG0000992	0.0285417	0.03	0.0285417
OG0001001	0.0347782	0.03	0.0347782
OG0001029	0.0347782	0.03	0.0347782
OG0001031	0.0347782	0.03	0.0347782
OG0001036	0.000273854	0.0	0.000273854
OG0001046	0.00412967	0.004	0.00412967
OG0001072	0.0498053	0.038	0.0498053
OG0001083	0.000306582	0.0	0.000306582
OG0001094	0.00705457	0.004	0.00705457
OG0001095	0.00705457	0.004	0.00705457
OG0001114	0.0389936	0.033	0.0389936
OG0001162	0.0285417	0.03	0.0285417
OG0001165	0.0347782	0.03	0.0347782
OG0001166	0.00103944	0.0	0.00103944
OG0001168	0.0347782	0.03	0.0347782
OG0001173	0.0285417	0.03	0.0285417
OG0001176	0.0285417	0.03	0.0285417
OG0001190	0.00872054	0.005	0.00872054
OG0001193	0.0347782	0.03	0.0347782
OG0001194	0.0285417	0.03	0.0285417
OG0001195	0.00872054	0.005	0.00872054
OG0001199	0.0285417	0.03	0.0285417
OG0001200	0.0347782	0.03	0.0347782
OG0001203	0.00872054	0.005	0.00872054
OG0001206	0.00097436	0.0	0.00097436
OG0001207	0.0347782	0.03	0.0347782
OG0001210	0.00097436	0.0	0.00097436
OG0001213	0.00097436	0.0	0.00097436
OG0001215	0.0347782	0.03	0.0347782
OG0001216	0.0285417	0.03	0.0285417
OG0001218	0.0285417	0.03	0.0285417
OG0001303	0.0285417	0.03	0.0285417
OG0001349	0.0394275	0.033	0.0394275
OG0001365	0.00097436	0.0	0.00097436
OG0001389	0.0394275	0.033	0.0394275
OG0001508	0.0285417	0.03	0.0285417
OG0001569	0.00103944	0.0	0.00103944
OG0001651	0.0394275	0.033	0.0394275
OG0001652	0.0347782	0.03	0.0347782
OG0001654	0.0347782	0.03	0.0347782
OG0001656	0.0347782	0.03	0.0347782
OG0001657	0.0347782	0.03	0.0347782
OG0001659	0.0498053	0.038	0.0498053
OG0001660	0.0394275	0.033	0.0394275
OG0001662	0.00705457	0.004	0.00705457
OG0001663	0.00412967	0.004	0.00412967
OG0001664	0.00705457	0.004	0.00705457
OG0001667	0.00462724	0.004	0.00462724
OG0001673	0.0389936	0.033	0.0389936
OG0001697	0.0389936	0.033	0.0389936
OG0001782	0.0498053	0.038	0.0498053
OG0001818	0.0498053	0.038	0.0498053
OG0001919	0.0498053	0.038	0.0498053
OG0001966	0.00705457	0.004	0.00705457
OG0002049	0.0498053	0.038	0.0498053
OG0002166	0.0389936	0.033	0.0389936
OG0002605	0.0498053	0.038	0.0498053
OG0002612	0.0498053	0.038	0.0498053
OG0002621	0.00462724	0.004	0.00462724
OG0002641	0.00705457	0.004	0.00705457
OG0002646	0.0394275	0.033	0.0394275
OG0002672	0.00705457	0.004	0.00705457
OG0002679	0.0389936	0.033	0.0389936
OG0002680	0.0394275	0.033	0.0394275
OG0002687	0.0394275	0.033	0.0394275
OG0002688	0.00412967	0.004	0.00412967
OG0002689	0.00705457	0.004	0.00705457
OG0002690	0.0394275	0.033	0.0394275
OG0002697	0.00705457	0.004	0.00705457
OG0002702	0.00705457	0.004	0.00705457
OG0002740	3.82713e-05	0.0	3.82713e-05
OG0002746	0.00705457	0.004	0.00705457
OG0002842	0.00705457	0.004	0.00705457
OG0002855	0.0394275	0.033	0.0394275
OG0002872	0.00412967	0.004	0.00412967
OG0002960	0.00705457	0.004	0.00705457
OG0002982	1.69918e-05	0.0	1.69918e-05
OG0005082	0.000306582	0.0	0.000306582
OG0005638	0.0389936	0.033	0.0389936
OG0007999	0.0498053	0.038	0.0498053
OG0008142	0.00317232	0.003	0.00317232
OG0008685	0.0394275	0.033	0.0394275
OG0008686	0.0498053	0.038	0.0498053
OG0008687	0.00705457	0.004	0.00705457
OG0008688	0.0498053	0.038	0.0498053
OG0008693	0.0498053	0.038	0.0498053
OG0008694	0.00705457	0.004	0.00705457
OG0008696	0.0498053	0.038	0.0498053
OG0008697	0.0498053	0.038	0.0498053
OG0008698	0.0498053	0.038	0.0498053
OG0008699	0.0498053	0.038	0.0498053
OG0008708	0.0498053	0.038	0.0498053
OG0008714	0.00705457	0.004	0.00705457
OG0008728	0.00462724	0.004	0.00462724
OG0008731	0.0389936	0.033	0.0389936
OG0008757	0.0498053	0.038	0.0498053
OG0009107	0.000306582	0.0	0.000306582
OG0009108	0.0498053	0.038	0.0498053
OG0009112	0.0498053	0.038	0.0498053
OG0009126	0.0389936	0.033	0.0389936
OG0009168	0.0498053	0.038	0.0498053
OG0009307	0.0498053	0.038	0.0498053
OG0009344	0.0389936	0.033	0.0389936
OG0009470	0.0389936	0.033	0.0389936
OG0009479	0.0498053	0.038	0.0498053
OG0009486	0.0498053	0.038	0.0498053
OG0009498	0.0498053	0.038	0.0498053
OG0009507	0.000306582	0.0	0.000306582
OG0009509	0.000306582	0.0	0.000306582
OG0009514	0.0389936	0.033	0.0389936
OG0009552	0.0389936	0.033	0.0389936
OG0009559	0.0389936	0.033	0.0389936
OG0009586	0.0498053	0.038	0.0498053
OG0009592	0.0498053	0.038	0.0498053
OG0009603	0.0498053	0.038	0.0498053
OG0009624	0.0389936	0.033	0.0389936
OG0009689	0.0389936	0.033	0.0389936
OG0009701	0.0389936	0.033	0.0389936
OG0009766	0.0498053	0.038	0.0498053
OG0009796	0.0389936	0.033	0.0389936
OG0010027	0.0389936	0.033	0.0389936
OG0010078	0.0498053	0.038	0.0498053
OG0010117	0.0498053	0.038	0.0498053
OG0010150	0.0498053	0.038	0.0498053
OG0010193	0.0389936	0.033	0.0389936
OG0010286	0.0498053	0.038	0.0498053
OG0010294	0.0498053	0.038	0.0498053
OG0010326	0.0389936	0.033	0.0389936
OG0010339	0.0498053	0.038	0.0498053
OG0010394	0.0389936	0.033	0.0389936
OG0010482	0.0389936	0.033	0.0389936
OG0010506	0.0498053	0.038	0.0498053
OG0010565	0.0498053	0.038	0.0498053
OG0010654	0.0389936	0.033	0.0389936
OG0010958	0.0498053	0.038	0.0498053
OG0011107	0.0498053	0.038	0.0498053
OG0011212	0.0498053	0.038	0.0498053
OG0011231	0.000306582	0.0	0.000306582
OG0011323	0.0498053	0.038	0.0498053
OG0011331	0.0389936	0.033	0.0389936
OG0011342	0.0498053	0.038	0.0498053
OG0011393	0.0498053	0.038	0.0498053
OG0011599	0.00462724	0.004	0.00462724
OG0011694	0.0498053	0.038	0.0498053
OG0011720	0.0498053	0.038	0.0498053
OG0011766	0.00462724	0.004	0.00462724
OG0011909	0.00462724	0.004	0.00462724
OG0011954	0.00462724	0.004	0.00462724
OG0011993	0.00462724	0.004	0.00462724
OG0011994	0.00462724	0.004	0.00462724
OG0012011	0.00462724	0.004	0.00462724
OG0012017	0.00462724	0.004	0.00462724
OG0012074	0.00462724	0.004	0.00462724
OG0012079	0.00462724	0.004	0.00462724
OG0012085	0.00462724	0.004	0.00462724
OG0012171	0.00462724	0.004	0.00462724
OG0012254	0.00462724	0.004	0.00462724
OG0012275	0.00462724	0.004	0.00462724
OG0012298	0.00462724	0.004	0.00462724
OG0012300	0.00462724	0.004	0.00462724
OG0012415	0.00462724	0.004	0.00462724
OG0012421	0.00462724	0.004	0.00462724
OG0012426	0.00462724	0.004	0.00462724
OG0012498	0.00462724	0.004	0.00462724
OG0012539	0.00462724	0.004	0.00462724
OG0012738	0.00462724	0.004	0.00462724
