metric	value
n_families	12864
n_families_in_counts	13605
n_families_not_tested	741
n_significant	834
reference	Cx_quinquefasciatus
n_families_single_copy	11188
n_families_multi_copy	1108
n_families_zero_ref_copy	568
n_significant_single_copy	298
n_significant_multi_copy	180
n_significant_zero_ref_copy	356
retention_single_copy	0.9364
retention_multi_copy	0.7619
pct_significant_single_copy	2.664
pct_significant_multi_copy	16.245
pct_significant_zero_ref_copy	62.676
odds_ratio_multi_vs_single_copy	7.088
risk_ratio_multi_vs_single_copy	6.099
fisher_p_two_sided	2.76e-69
mean_deficit_significant	1.189
mean_deficit_not_significant	0.0816
mannwhitney_p_ref_copies_two_sided	2.35e-116
mannwhitney_p_deficit_two_sided	< 1e-300
per_lineage_pearson_r	0.9935
per_lineage_p	0.00655
n_lineages	4
per_lineage_counts_scope	all families (Gamma_clade_results)
